sample,label
0.jpeg,98
1.jpeg,19
2.jpeg,19
3.jpeg,7
4.jpeg,74
5.jpeg,2
6.jpeg,81
7.jpeg,37
8.jpeg,33
9.jpeg,83
10.jpeg,52
11.jpeg,47
12.jpeg,39
13.jpeg,13
14.jpeg,17
15.jpeg,57
16.jpeg,33
17.jpeg,5
18.jpeg,2
19.jpeg,66
20.jpeg,26
21.jpeg,29
22.jpeg,73
23.jpeg,59
24.jpeg,54
25.jpeg,31
26.jpeg,27
27.jpeg,82
28.jpeg,19
29.jpeg,93
30.jpeg,50
31.jpeg,85
32.jpeg,65
33.jpeg,60
34.jpeg,50
35.jpeg,95
36.jpeg,82
37.jpeg,4
38.jpeg,42
39.jpeg,30
40.jpeg,36
41.jpeg,11
42.jpeg,7
43.jpeg,18
44.jpeg,86
45.jpeg,67
46.jpeg,62
47.jpeg,36
48.jpeg,72
49.jpeg,2
50.jpeg,51
51.jpeg,5
52.jpeg,26
53.jpeg,4
54.jpeg,50
55.jpeg,32
56.jpeg,43
57.jpeg,56
58.jpeg,24
59.jpeg,11
60.jpeg,95
61.jpeg,59
62.jpeg,50
63.jpeg,37
64.jpeg,54
65.jpeg,0
66.jpeg,21
67.jpeg,68
68.jpeg,89
69.jpeg,45
70.jpeg,33
71.jpeg,63
72.jpeg,71
73.jpeg,37
74.jpeg,9
75.jpeg,39
76.jpeg,61
77.jpeg,44
78.jpeg,65
79.jpeg,38
80.jpeg,52
81.jpeg,22
82.jpeg,50
83.jpeg,46
84.jpeg,74
85.jpeg,58
86.jpeg,70
87.jpeg,35
88.jpeg,19
89.jpeg,63
90.jpeg,89
91.jpeg,14
92.jpeg,99
93.jpeg,75
94.jpeg,8
95.jpeg,21
96.jpeg,59
97.jpeg,31
98.jpeg,79
99.jpeg,90
100.jpeg,37
101.jpeg,13
102.jpeg,36
103.jpeg,58
104.jpeg,57
105.jpeg,53
106.jpeg,79
107.jpeg,72
108.jpeg,92
109.jpeg,71
110.jpeg,57
111.jpeg,70
112.jpeg,93
113.jpeg,93
114.jpeg,38
115.jpeg,71
116.jpeg,83
117.jpeg,21
118.jpeg,96
119.jpeg,88
120.jpeg,3
121.jpeg,47
122.jpeg,40
123.jpeg,79
124.jpeg,17
125.jpeg,42
126.jpeg,89
127.jpeg,16
128.jpeg,66
129.jpeg,88
130.jpeg,62
131.jpeg,99
132.jpeg,47
133.jpeg,88
134.jpeg,79
135.jpeg,94
136.jpeg,36
137.jpeg,71
138.jpeg,58
139.jpeg,72
140.jpeg,59
141.jpeg,23
142.jpeg,1
143.jpeg,83
144.jpeg,84
145.jpeg,98
146.jpeg,10
147.jpeg,36
148.jpeg,97
149.jpeg,33
150.jpeg,73
151.jpeg,66
152.jpeg,39
153.jpeg,45
154.jpeg,11
155.jpeg,67
156.jpeg,95
157.jpeg,82
158.jpeg,37
159.jpeg,33
160.jpeg,11
161.jpeg,41
162.jpeg,94
163.jpeg,15
164.jpeg,92
165.jpeg,67
166.jpeg,2
167.jpeg,54
168.jpeg,24
169.jpeg,16
170.jpeg,3
171.jpeg,34
172.jpeg,48
173.jpeg,73
174.jpeg,1
175.jpeg,44
176.jpeg,2
177.jpeg,54
178.jpeg,98
179.jpeg,17
180.jpeg,11
181.jpeg,54
182.jpeg,71
183.jpeg,65
184.jpeg,30
185.jpeg,80
186.jpeg,69
187.jpeg,11
188.jpeg,30
189.jpeg,26
190.jpeg,14
191.jpeg,26
192.jpeg,96
193.jpeg,91
194.jpeg,11
195.jpeg,78
196.jpeg,30
197.jpeg,76
198.jpeg,19
199.jpeg,79
200.jpeg,94
201.jpeg,54
202.jpeg,97
203.jpeg,1
204.jpeg,88
205.jpeg,38
206.jpeg,23
207.jpeg,39
208.jpeg,8
209.jpeg,12
210.jpeg,5
211.jpeg,26
212.jpeg,22
213.jpeg,94
214.jpeg,57
215.jpeg,97
216.jpeg,71
217.jpeg,74
218.jpeg,97
219.jpeg,10
220.jpeg,96
221.jpeg,62
222.jpeg,11
223.jpeg,64
224.jpeg,48
225.jpeg,61
226.jpeg,79
227.jpeg,60
228.jpeg,82
229.jpeg,81
230.jpeg,62
231.jpeg,39
232.jpeg,81
233.jpeg,50
234.jpeg,42
235.jpeg,81
236.jpeg,36
237.jpeg,84
238.jpeg,61
239.jpeg,71
240.jpeg,40
241.jpeg,3
242.jpeg,48
243.jpeg,36
244.jpeg,5
245.jpeg,48
246.jpeg,70
247.jpeg,23
248.jpeg,75
249.jpeg,33
250.jpeg,54
251.jpeg,43
252.jpeg,1
253.jpeg,93
254.jpeg,22
255.jpeg,39
256.jpeg,70
257.jpeg,21
258.jpeg,63
259.jpeg,17
260.jpeg,19
261.jpeg,37
262.jpeg,98
263.jpeg,1
264.jpeg,59
265.jpeg,92
266.jpeg,59
267.jpeg,32
268.jpeg,87
269.jpeg,23
270.jpeg,31
271.jpeg,27
272.jpeg,66
273.jpeg,82
274.jpeg,30
275.jpeg,30
276.jpeg,11
277.jpeg,22
278.jpeg,66
279.jpeg,45
280.jpeg,48
281.jpeg,9
282.jpeg,55
283.jpeg,12
284.jpeg,63
285.jpeg,36
286.jpeg,8
287.jpeg,20
288.jpeg,31
289.jpeg,1
290.jpeg,20
291.jpeg,29
292.jpeg,84
293.jpeg,42
294.jpeg,83
295.jpeg,12
296.jpeg,15
297.jpeg,30
298.jpeg,18
299.jpeg,10
300.jpeg,10
301.jpeg,37
302.jpeg,15
303.jpeg,13
304.jpeg,18
305.jpeg,88
306.jpeg,30
307.jpeg,97
308.jpeg,82
309.jpeg,82
310.jpeg,82
311.jpeg,46
312.jpeg,26
313.jpeg,90
314.jpeg,74
315.jpeg,50
316.jpeg,10
317.jpeg,3
318.jpeg,7
319.jpeg,88
320.jpeg,92
321.jpeg,59
322.jpeg,73
323.jpeg,45
324.jpeg,60
325.jpeg,29
326.jpeg,73
327.jpeg,75
328.jpeg,70
329.jpeg,66
330.jpeg,95
331.jpeg,65
332.jpeg,8
333.jpeg,22
334.jpeg,83
335.jpeg,51
336.jpeg,40
337.jpeg,71
338.jpeg,63
339.jpeg,68
340.jpeg,74
341.jpeg,14
342.jpeg,29
343.jpeg,45
344.jpeg,74
345.jpeg,88
346.jpeg,14
347.jpeg,74
348.jpeg,45
349.jpeg,61
350.jpeg,95
351.jpeg,52
352.jpeg,16
353.jpeg,93
354.jpeg,12
355.jpeg,74
356.jpeg,66
357.jpeg,93
358.jpeg,33
359.jpeg,50
360.jpeg,42
361.jpeg,11
362.jpeg,29
363.jpeg,67
364.jpeg,82
365.jpeg,42
366.jpeg,97
367.jpeg,96
368.jpeg,49
369.jpeg,34
370.jpeg,19
371.jpeg,38
372.jpeg,71
373.jpeg,8
374.jpeg,75
375.jpeg,27
376.jpeg,10
377.jpeg,66
378.jpeg,64
379.jpeg,50
380.jpeg,25
381.jpeg,29
382.jpeg,52
383.jpeg,24
384.jpeg,6
385.jpeg,77
386.jpeg,78
387.jpeg,68
388.jpeg,42
389.jpeg,60
390.jpeg,99
391.jpeg,91
392.jpeg,78
393.jpeg,60
394.jpeg,12
395.jpeg,67
396.jpeg,85
397.jpeg,63
398.jpeg,12
399.jpeg,7
400.jpeg,7
401.jpeg,80
402.jpeg,36
403.jpeg,53
404.jpeg,29
405.jpeg,39
406.jpeg,63
407.jpeg,62
408.jpeg,17
409.jpeg,0
410.jpeg,1
411.jpeg,83
412.jpeg,14
413.jpeg,36
414.jpeg,42
415.jpeg,24
416.jpeg,32
417.jpeg,26
418.jpeg,59
419.jpeg,10
420.jpeg,54
421.jpeg,45
422.jpeg,18
423.jpeg,43
424.jpeg,86
425.jpeg,74
426.jpeg,42
427.jpeg,59
428.jpeg,17
429.jpeg,10
430.jpeg,75
431.jpeg,17
432.jpeg,47
433.jpeg,53
434.jpeg,8
435.jpeg,68
436.jpeg,75
437.jpeg,18
438.jpeg,73
439.jpeg,16
440.jpeg,64
441.jpeg,51
442.jpeg,52
443.jpeg,61
444.jpeg,22
445.jpeg,64
446.jpeg,21
447.jpeg,94
448.jpeg,53
449.jpeg,23
450.jpeg,7
451.jpeg,47
452.jpeg,83
453.jpeg,11
454.jpeg,77
455.jpeg,46
456.jpeg,45
457.jpeg,66
458.jpeg,49
459.jpeg,26
460.jpeg,68
461.jpeg,2
462.jpeg,34
463.jpeg,95
464.jpeg,91
465.jpeg,81
466.jpeg,58
467.jpeg,46
468.jpeg,59
469.jpeg,88
470.jpeg,34
471.jpeg,39
472.jpeg,90
473.jpeg,37
474.jpeg,63
475.jpeg,28
476.jpeg,60
477.jpeg,94
478.jpeg,50
479.jpeg,33
480.jpeg,49
481.jpeg,13
482.jpeg,40
483.jpeg,78
484.jpeg,39
485.jpeg,97
486.jpeg,58
487.jpeg,2
488.jpeg,76
489.jpeg,65
490.jpeg,1
491.jpeg,52
492.jpeg,93
493.jpeg,16
494.jpeg,43
495.jpeg,21
496.jpeg,71
497.jpeg,7
498.jpeg,50
499.jpeg,86
500.jpeg,41
501.jpeg,66
502.jpeg,92
503.jpeg,22
504.jpeg,42
505.jpeg,47
506.jpeg,94
507.jpeg,35
508.jpeg,51
509.jpeg,17
510.jpeg,98
511.jpeg,78
512.jpeg,1
513.jpeg,36
514.jpeg,91
515.jpeg,97
516.jpeg,70
517.jpeg,49
518.jpeg,39
519.jpeg,92
520.jpeg,62
521.jpeg,19
522.jpeg,62
523.jpeg,54
524.jpeg,31
525.jpeg,77
526.jpeg,33
527.jpeg,31
528.jpeg,72
529.jpeg,50
530.jpeg,66
531.jpeg,69
532.jpeg,62
533.jpeg,97
534.jpeg,1
535.jpeg,79
536.jpeg,14
537.jpeg,42
538.jpeg,89
539.jpeg,97
540.jpeg,32
541.jpeg,59
542.jpeg,45
543.jpeg,42
544.jpeg,28
545.jpeg,62
546.jpeg,8
547.jpeg,33
548.jpeg,83
549.jpeg,12
550.jpeg,67
551.jpeg,77
552.jpeg,42
553.jpeg,88
554.jpeg,96
555.jpeg,68
556.jpeg,18
557.jpeg,8
558.jpeg,48
559.jpeg,8
560.jpeg,44
561.jpeg,2
562.jpeg,74
563.jpeg,85
564.jpeg,88
565.jpeg,8
566.jpeg,48
567.jpeg,76
568.jpeg,68
569.jpeg,42
570.jpeg,13
571.jpeg,6
572.jpeg,77
573.jpeg,68
574.jpeg,22
575.jpeg,86
576.jpeg,45
577.jpeg,40
578.jpeg,69
579.jpeg,53
580.jpeg,24
581.jpeg,56
582.jpeg,5
583.jpeg,11
584.jpeg,49
585.jpeg,42
586.jpeg,9
587.jpeg,78
588.jpeg,34
589.jpeg,23
590.jpeg,7
591.jpeg,74
592.jpeg,97
593.jpeg,18
594.jpeg,69
595.jpeg,34
596.jpeg,12
597.jpeg,85
598.jpeg,3
599.jpeg,16
600.jpeg,13
601.jpeg,51
602.jpeg,70
603.jpeg,64
604.jpeg,61
605.jpeg,2
606.jpeg,87
607.jpeg,75
608.jpeg,48
609.jpeg,28
610.jpeg,20
611.jpeg,62
612.jpeg,94
613.jpeg,64
614.jpeg,37
615.jpeg,85
616.jpeg,31
617.jpeg,3
618.jpeg,12
619.jpeg,41
620.jpeg,77
621.jpeg,16
622.jpeg,59
623.jpeg,58
624.jpeg,27
625.jpeg,19
626.jpeg,5
627.jpeg,25
628.jpeg,40
629.jpeg,51
630.jpeg,67
631.jpeg,34
632.jpeg,59
633.jpeg,28
634.jpeg,65
635.jpeg,52
636.jpeg,28
637.jpeg,7
638.jpeg,70
639.jpeg,70
640.jpeg,98
641.jpeg,12
642.jpeg,71
643.jpeg,89
644.jpeg,85
645.jpeg,43
646.jpeg,10
647.jpeg,10
648.jpeg,11
649.jpeg,18
650.jpeg,92
651.jpeg,5
652.jpeg,70
653.jpeg,9
654.jpeg,88
655.jpeg,61
656.jpeg,16
657.jpeg,95
658.jpeg,68
659.jpeg,52
660.jpeg,12
661.jpeg,89
662.jpeg,87
663.jpeg,66
664.jpeg,6
665.jpeg,38
666.jpeg,58
667.jpeg,17
668.jpeg,5
669.jpeg,72
670.jpeg,12
671.jpeg,73
672.jpeg,65
673.jpeg,0
674.jpeg,57
675.jpeg,39
676.jpeg,29
677.jpeg,90
678.jpeg,24
679.jpeg,81
680.jpeg,27
681.jpeg,32
682.jpeg,39
683.jpeg,72
684.jpeg,91
685.jpeg,69
686.jpeg,63
687.jpeg,6
688.jpeg,4
689.jpeg,82
690.jpeg,76
691.jpeg,1
692.jpeg,19
693.jpeg,37
694.jpeg,22
695.jpeg,49
696.jpeg,60
697.jpeg,70
698.jpeg,31
699.jpeg,16
700.jpeg,20
701.jpeg,38
702.jpeg,79
703.jpeg,87
704.jpeg,23
705.jpeg,90
706.jpeg,50
707.jpeg,31
708.jpeg,7
709.jpeg,8
710.jpeg,10
711.jpeg,68
712.jpeg,26
713.jpeg,23
714.jpeg,8
715.jpeg,62
716.jpeg,37
717.jpeg,7
718.jpeg,66
719.jpeg,27
720.jpeg,82
721.jpeg,30
722.jpeg,71
723.jpeg,57
724.jpeg,12
725.jpeg,62
726.jpeg,78
727.jpeg,73
728.jpeg,5
729.jpeg,72
730.jpeg,30
731.jpeg,87
732.jpeg,11
733.jpeg,0
734.jpeg,20
735.jpeg,84
736.jpeg,77
737.jpeg,41
738.jpeg,22
739.jpeg,69
740.jpeg,36
741.jpeg,44
742.jpeg,93
743.jpeg,51
744.jpeg,23
745.jpeg,64
746.jpeg,4
747.jpeg,44
748.jpeg,39
749.jpeg,70
750.jpeg,66
751.jpeg,99
752.jpeg,6
753.jpeg,50
754.jpeg,96
755.jpeg,26
756.jpeg,23
757.jpeg,35
758.jpeg,56
759.jpeg,47
760.jpeg,59
761.jpeg,30
762.jpeg,34
763.jpeg,48
764.jpeg,78
765.jpeg,19
766.jpeg,91
767.jpeg,95
768.jpeg,97
769.jpeg,58
770.jpeg,34
771.jpeg,20
772.jpeg,86
773.jpeg,15
774.jpeg,83
775.jpeg,7
776.jpeg,14
777.jpeg,46
778.jpeg,13
779.jpeg,27
780.jpeg,88
781.jpeg,12
782.jpeg,29
783.jpeg,39
784.jpeg,8
785.jpeg,24
786.jpeg,16
787.jpeg,43
788.jpeg,75
789.jpeg,51
790.jpeg,25
791.jpeg,83
792.jpeg,18
793.jpeg,42
794.jpeg,55
795.jpeg,98
796.jpeg,8
797.jpeg,59
798.jpeg,82
799.jpeg,93
800.jpeg,77
801.jpeg,82
802.jpeg,99
803.jpeg,50
804.jpeg,12
805.jpeg,86
806.jpeg,0
807.jpeg,10
808.jpeg,34
809.jpeg,99
810.jpeg,80
811.jpeg,41
812.jpeg,26
813.jpeg,74
814.jpeg,6
815.jpeg,85
816.jpeg,51
817.jpeg,24
818.jpeg,93
819.jpeg,47
820.jpeg,13
821.jpeg,24
822.jpeg,81
823.jpeg,83
824.jpeg,84
825.jpeg,12
826.jpeg,43
827.jpeg,49
828.jpeg,90
829.jpeg,99
830.jpeg,58
831.jpeg,88
832.jpeg,10
833.jpeg,8
834.jpeg,81
835.jpeg,51
836.jpeg,46
837.jpeg,25
838.jpeg,93
839.jpeg,69
840.jpeg,22
841.jpeg,53
842.jpeg,88
843.jpeg,57
844.jpeg,74
845.jpeg,0
846.jpeg,58
847.jpeg,77
848.jpeg,10
849.jpeg,75
850.jpeg,10
851.jpeg,89
852.jpeg,47
853.jpeg,8
854.jpeg,13
855.jpeg,36
856.jpeg,79
857.jpeg,82
858.jpeg,65
859.jpeg,83
860.jpeg,75
861.jpeg,47
862.jpeg,10
863.jpeg,52
864.jpeg,10
865.jpeg,19
866.jpeg,93
867.jpeg,33
868.jpeg,78
869.jpeg,17
870.jpeg,19
871.jpeg,4
872.jpeg,11
873.jpeg,42
874.jpeg,1
875.jpeg,71
876.jpeg,58
877.jpeg,8
878.jpeg,54
879.jpeg,1
880.jpeg,22
881.jpeg,30
882.jpeg,98
883.jpeg,4
884.jpeg,46
885.jpeg,91
886.jpeg,64
887.jpeg,76
888.jpeg,3
889.jpeg,78
890.jpeg,98
891.jpeg,82
892.jpeg,66
893.jpeg,78
894.jpeg,36
895.jpeg,68
896.jpeg,51
897.jpeg,65
898.jpeg,1
899.jpeg,43
900.jpeg,12
901.jpeg,6
902.jpeg,91
903.jpeg,28
904.jpeg,8
905.jpeg,89
906.jpeg,5
907.jpeg,49
908.jpeg,38
909.jpeg,29
910.jpeg,50
911.jpeg,22
912.jpeg,11
913.jpeg,13
914.jpeg,27
915.jpeg,44
916.jpeg,67
917.jpeg,72
918.jpeg,27
919.jpeg,27
920.jpeg,13
921.jpeg,2
922.jpeg,47
923.jpeg,92
924.jpeg,47
925.jpeg,50
926.jpeg,95
927.jpeg,37
928.jpeg,20
929.jpeg,17
930.jpeg,26
931.jpeg,40
932.jpeg,94
933.jpeg,94
934.jpeg,20
935.jpeg,41
936.jpeg,21
937.jpeg,73
938.jpeg,69
939.jpeg,12
940.jpeg,47
941.jpeg,99
942.jpeg,35
943.jpeg,26
944.jpeg,91
945.jpeg,76
946.jpeg,45
947.jpeg,88
948.jpeg,63
949.jpeg,67
950.jpeg,70
951.jpeg,64
952.jpeg,90
953.jpeg,70
954.jpeg,37
955.jpeg,9
956.jpeg,7
957.jpeg,20
958.jpeg,1
959.jpeg,87
960.jpeg,90
961.jpeg,15
962.jpeg,71
963.jpeg,6
964.jpeg,90
965.jpeg,95
966.jpeg,89
967.jpeg,9
968.jpeg,94
969.jpeg,48
970.jpeg,67
971.jpeg,84
972.jpeg,86
973.jpeg,69
974.jpeg,2
975.jpeg,17
976.jpeg,38
977.jpeg,83
978.jpeg,2
979.jpeg,6
980.jpeg,82
981.jpeg,54
982.jpeg,6
983.jpeg,71
984.jpeg,24
985.jpeg,24
986.jpeg,48
987.jpeg,95
988.jpeg,77
989.jpeg,51
990.jpeg,17
991.jpeg,4
992.jpeg,99
993.jpeg,78
994.jpeg,36
995.jpeg,67
996.jpeg,34
997.jpeg,18
998.jpeg,33
999.jpeg,13
1000.jpeg,66
1001.jpeg,9
1002.jpeg,51
1003.jpeg,12
1004.jpeg,17
1005.jpeg,92
1006.jpeg,41
1007.jpeg,79
1008.jpeg,83
1009.jpeg,13
1010.jpeg,19
1011.jpeg,24
1012.jpeg,64
1013.jpeg,60
1014.jpeg,28
1015.jpeg,85
1016.jpeg,8
1017.jpeg,34
1018.jpeg,35
1019.jpeg,98
1020.jpeg,89
1021.jpeg,60
1022.jpeg,83
1023.jpeg,60
1024.jpeg,55
1025.jpeg,3
1026.jpeg,81
1027.jpeg,17
1028.jpeg,0
1029.jpeg,91
1030.jpeg,80
1031.jpeg,28
1032.jpeg,1
1033.jpeg,70
1034.jpeg,88
1035.jpeg,45
1036.jpeg,42
1037.jpeg,30
1038.jpeg,21
1039.jpeg,50
1040.jpeg,52
1041.jpeg,40
1042.jpeg,30
1043.jpeg,95
1044.jpeg,63
1045.jpeg,31
1046.jpeg,27
1047.jpeg,62
1048.jpeg,18
1049.jpeg,1
1050.jpeg,33
1051.jpeg,13
1052.jpeg,17
1053.jpeg,8
1054.jpeg,86
1055.jpeg,86
1056.jpeg,26
1057.jpeg,72
1058.jpeg,5
1059.jpeg,89
1060.jpeg,31
1061.jpeg,52
1062.jpeg,76
1063.jpeg,40
1064.jpeg,77
1065.jpeg,57
1066.jpeg,98
1067.jpeg,69
1068.jpeg,2
1069.jpeg,15
1070.jpeg,11
1071.jpeg,56
1072.jpeg,3
1073.jpeg,91
1074.jpeg,62
1075.jpeg,76
1076.jpeg,72
1077.jpeg,12
1078.jpeg,56
1079.jpeg,24
1080.jpeg,86
1081.jpeg,97
1082.jpeg,79
1083.jpeg,95
1084.jpeg,81
1085.jpeg,82
1086.jpeg,77
1087.jpeg,30
1088.jpeg,95
1089.jpeg,66
1090.jpeg,96
1091.jpeg,1
1092.jpeg,66
1093.jpeg,23
1094.jpeg,59
1095.jpeg,45
1096.jpeg,85
1097.jpeg,93
1098.jpeg,21
1099.jpeg,16
1100.jpeg,13
1101.jpeg,54
1102.jpeg,6
1103.jpeg,31
1104.jpeg,31
1105.jpeg,56
1106.jpeg,92
1107.jpeg,15
1108.jpeg,96
1109.jpeg,19
1110.jpeg,99
1111.jpeg,19
1112.jpeg,43
1113.jpeg,41
1114.jpeg,43
1115.jpeg,68
1116.jpeg,31
1117.jpeg,74
1118.jpeg,3
1119.jpeg,61
1120.jpeg,42
1121.jpeg,85
1122.jpeg,5
1123.jpeg,16
1124.jpeg,78
1125.jpeg,46
1126.jpeg,85
1127.jpeg,1
1128.jpeg,19
1129.jpeg,85
1130.jpeg,17
1131.jpeg,51
1132.jpeg,97
1133.jpeg,3
1134.jpeg,82
1135.jpeg,76
1136.jpeg,90
1137.jpeg,20
1138.jpeg,29
1139.jpeg,29
1140.jpeg,44
1141.jpeg,41
1142.jpeg,23
1143.jpeg,72
1144.jpeg,21
1145.jpeg,40
1146.jpeg,99
1147.jpeg,56
1148.jpeg,37
1149.jpeg,26
1150.jpeg,17
1151.jpeg,9
1152.jpeg,53
1153.jpeg,91
1154.jpeg,54
1155.jpeg,19
1156.jpeg,9
1157.jpeg,49
1158.jpeg,34
1159.jpeg,92
1160.jpeg,86
1161.jpeg,9
1162.jpeg,9
1163.jpeg,49
1164.jpeg,81
1165.jpeg,93
1166.jpeg,71
1167.jpeg,47
1168.jpeg,23
1169.jpeg,90
1170.jpeg,0
1171.jpeg,26
1172.jpeg,72
1173.jpeg,10
1174.jpeg,84
1175.jpeg,57
1176.jpeg,70
1177.jpeg,64
1178.jpeg,75
1179.jpeg,40
1180.jpeg,35
1181.jpeg,61
1182.jpeg,54
1183.jpeg,41
1184.jpeg,99
1185.jpeg,9
1186.jpeg,78
1187.jpeg,0
1188.jpeg,46
1189.jpeg,86
1190.jpeg,93
1191.jpeg,92
1192.jpeg,30
1193.jpeg,77
1194.jpeg,38
1195.jpeg,3
1196.jpeg,92
1197.jpeg,19
1198.jpeg,99
1199.jpeg,76
1200.jpeg,60
1201.jpeg,27
1202.jpeg,99
1203.jpeg,24
1204.jpeg,47
1205.jpeg,68
1206.jpeg,23
1207.jpeg,3
1208.jpeg,68
1209.jpeg,97
1210.jpeg,0
1211.jpeg,19
1212.jpeg,92
1213.jpeg,80
1214.jpeg,10
1215.jpeg,3
1216.jpeg,60
1217.jpeg,33
1218.jpeg,85
1219.jpeg,51
1220.jpeg,9
1221.jpeg,23
1222.jpeg,3
1223.jpeg,8
1224.jpeg,18
1225.jpeg,13
1226.jpeg,78
1227.jpeg,56
1228.jpeg,29
1229.jpeg,52
1230.jpeg,96
1231.jpeg,76
1232.jpeg,77
1233.jpeg,58
1234.jpeg,63
1235.jpeg,94
1236.jpeg,25
1237.jpeg,96
1238.jpeg,19
1239.jpeg,72
1240.jpeg,31
1241.jpeg,38
1242.jpeg,30
1243.jpeg,41
1244.jpeg,16
1245.jpeg,44
1246.jpeg,93
1247.jpeg,78
1248.jpeg,90
1249.jpeg,98
1250.jpeg,72
1251.jpeg,14
1252.jpeg,5
1253.jpeg,29
1254.jpeg,48
1255.jpeg,52
1256.jpeg,69
1257.jpeg,65
1258.jpeg,50
1259.jpeg,64
1260.jpeg,78
1261.jpeg,30
1262.jpeg,93
1263.jpeg,59
1264.jpeg,26
1265.jpeg,91
1266.jpeg,6
1267.jpeg,64
1268.jpeg,6
1269.jpeg,31
1270.jpeg,69
1271.jpeg,4
1272.jpeg,93
1273.jpeg,98
1274.jpeg,15
1275.jpeg,42
1276.jpeg,65
1277.jpeg,20
1278.jpeg,94
1279.jpeg,94
1280.jpeg,80
1281.jpeg,52
1282.jpeg,71
1283.jpeg,81
1284.jpeg,95
1285.jpeg,17
1286.jpeg,82
1287.jpeg,65
1288.jpeg,53
1289.jpeg,41
1290.jpeg,84
1291.jpeg,73
1292.jpeg,42
1293.jpeg,25
1294.jpeg,95
1295.jpeg,72
1296.jpeg,15
1297.jpeg,46
1298.jpeg,62
1299.jpeg,8
1300.jpeg,57
1301.jpeg,97
1302.jpeg,79
1303.jpeg,79
1304.jpeg,74
1305.jpeg,92
1306.jpeg,3
1307.jpeg,28
1308.jpeg,91
1309.jpeg,22
1310.jpeg,96
1311.jpeg,16
1312.jpeg,4
1313.jpeg,84
1314.jpeg,15
1315.jpeg,77
1316.jpeg,52
1317.jpeg,53
1318.jpeg,33
1319.jpeg,52
1320.jpeg,38
1321.jpeg,64
1322.jpeg,12
1323.jpeg,24
1324.jpeg,6
1325.jpeg,36
1326.jpeg,3
1327.jpeg,5
1328.jpeg,8
1329.jpeg,84
1330.jpeg,33
1331.jpeg,40
1332.jpeg,92
1333.jpeg,61
1334.jpeg,56
1335.jpeg,16
1336.jpeg,34
1337.jpeg,15
1338.jpeg,67
1339.jpeg,69
1340.jpeg,41
1341.jpeg,0
1342.jpeg,78
1343.jpeg,28
1344.jpeg,81
1345.jpeg,1
1346.jpeg,69
1347.jpeg,77
1348.jpeg,28
1349.jpeg,9
1350.jpeg,90
1351.jpeg,53
1352.jpeg,71
1353.jpeg,43
1354.jpeg,69
1355.jpeg,83
1356.jpeg,43
1357.jpeg,8
1358.jpeg,43
1359.jpeg,54
1360.jpeg,85
1361.jpeg,86
1362.jpeg,61
1363.jpeg,43
1364.jpeg,20
1365.jpeg,59
1366.jpeg,15
1367.jpeg,75
1368.jpeg,17
1369.jpeg,89
1370.jpeg,75
1371.jpeg,59
1372.jpeg,93
1373.jpeg,20
1374.jpeg,70
1375.jpeg,60
1376.jpeg,14
1377.jpeg,42
1378.jpeg,6
1379.jpeg,36
1380.jpeg,74
1381.jpeg,40
1382.jpeg,57
1383.jpeg,51
1384.jpeg,60
1385.jpeg,74
1386.jpeg,2
1387.jpeg,19
1388.jpeg,90
1389.jpeg,80
1390.jpeg,32
1391.jpeg,70
1392.jpeg,93
1393.jpeg,85
1394.jpeg,48
1395.jpeg,89
1396.jpeg,69
1397.jpeg,32
1398.jpeg,25
1399.jpeg,11
1400.jpeg,12
1401.jpeg,90
1402.jpeg,40
1403.jpeg,12
1404.jpeg,70
1405.jpeg,34
1406.jpeg,34
1407.jpeg,5
1408.jpeg,69
1409.jpeg,50
1410.jpeg,86
1411.jpeg,33
1412.jpeg,20
1413.jpeg,59
1414.jpeg,84
1415.jpeg,5
1416.jpeg,98
1417.jpeg,61
1418.jpeg,88
1419.jpeg,58
1420.jpeg,42
1421.jpeg,66
1422.jpeg,80
1423.jpeg,22
1424.jpeg,0
1425.jpeg,2
1426.jpeg,34
1427.jpeg,6
1428.jpeg,4
1429.jpeg,77
1430.jpeg,24
1431.jpeg,43
1432.jpeg,4
1433.jpeg,82
1434.jpeg,82
1435.jpeg,66
1436.jpeg,38
1437.jpeg,89
1438.jpeg,4
1439.jpeg,76
1440.jpeg,48
1441.jpeg,28
1442.jpeg,87
1443.jpeg,56
1444.jpeg,92
1445.jpeg,3
1446.jpeg,19
1447.jpeg,27
1448.jpeg,76
1449.jpeg,91
1450.jpeg,93
1451.jpeg,46
1452.jpeg,93
1453.jpeg,43
1454.jpeg,45
1455.jpeg,57
1456.jpeg,41
1457.jpeg,79
1458.jpeg,7
1459.jpeg,70
1460.jpeg,36
1461.jpeg,72
1462.jpeg,75
1463.jpeg,23
1464.jpeg,6
1465.jpeg,51
1466.jpeg,34
1467.jpeg,15
1468.jpeg,51
1469.jpeg,83
1470.jpeg,87
1471.jpeg,20
1472.jpeg,99
1473.jpeg,32
1474.jpeg,85
1475.jpeg,74
1476.jpeg,73
1477.jpeg,30
1478.jpeg,59
1479.jpeg,37
1480.jpeg,10
1481.jpeg,49
1482.jpeg,74
1483.jpeg,20
1484.jpeg,65
1485.jpeg,17
1486.jpeg,80
1487.jpeg,39
1488.jpeg,29
1489.jpeg,94
1490.jpeg,88
1491.jpeg,85
1492.jpeg,46
1493.jpeg,64
1494.jpeg,44
1495.jpeg,75
1496.jpeg,18
1497.jpeg,1
1498.jpeg,45
1499.jpeg,43
1500.jpeg,24
1501.jpeg,26
1502.jpeg,10
1503.jpeg,78
1504.jpeg,87
1505.jpeg,95
1506.jpeg,62
1507.jpeg,50
1508.jpeg,12
1509.jpeg,67
1510.jpeg,65
1511.jpeg,26
1512.jpeg,60
1513.jpeg,72
1514.jpeg,53
1515.jpeg,41
1516.jpeg,19
1517.jpeg,3
1518.jpeg,26
1519.jpeg,46
1520.jpeg,8
1521.jpeg,17
1522.jpeg,82
1523.jpeg,2
1524.jpeg,85
1525.jpeg,94
1526.jpeg,18
1527.jpeg,82
1528.jpeg,45
1529.jpeg,28
1530.jpeg,47
1531.jpeg,44
1532.jpeg,31
1533.jpeg,78
1534.jpeg,2
1535.jpeg,19
1536.jpeg,42
1537.jpeg,58
1538.jpeg,34
1539.jpeg,88
1540.jpeg,88
1541.jpeg,67
1542.jpeg,5
1543.jpeg,80
1544.jpeg,71
1545.jpeg,66
1546.jpeg,4
1547.jpeg,50
1548.jpeg,19
1549.jpeg,90
1550.jpeg,19
1551.jpeg,67
1552.jpeg,77
1553.jpeg,31
1554.jpeg,56
1555.jpeg,28
1556.jpeg,28
1557.jpeg,40
1558.jpeg,13
1559.jpeg,48
1560.jpeg,73
1561.jpeg,54
1562.jpeg,98
1563.jpeg,68
1564.jpeg,99
1565.jpeg,76
1566.jpeg,24
1567.jpeg,55
1568.jpeg,0
1569.jpeg,91
1570.jpeg,9
1571.jpeg,12
1572.jpeg,25
1573.jpeg,38
1574.jpeg,66
1575.jpeg,7
1576.jpeg,63
1577.jpeg,55
1578.jpeg,42
1579.jpeg,60
1580.jpeg,24
1581.jpeg,55
1582.jpeg,37
1583.jpeg,36
1584.jpeg,13
1585.jpeg,21
1586.jpeg,24
1587.jpeg,33
1588.jpeg,15
1589.jpeg,80
1590.jpeg,67
1591.jpeg,20
1592.jpeg,94
1593.jpeg,67
1594.jpeg,58
1595.jpeg,97
1596.jpeg,75
1597.jpeg,83
1598.jpeg,37
1599.jpeg,5
1600.jpeg,96
1601.jpeg,81
1602.jpeg,3
1603.jpeg,69
1604.jpeg,60
1605.jpeg,66
1606.jpeg,22
1607.jpeg,35
1608.jpeg,75
1609.jpeg,76
1610.jpeg,65
1611.jpeg,20
1612.jpeg,41
1613.jpeg,59
1614.jpeg,69
1615.jpeg,7
1616.jpeg,94
1617.jpeg,84
1618.jpeg,5
1619.jpeg,2
1620.jpeg,84
1621.jpeg,89
1622.jpeg,51
1623.jpeg,43
1624.jpeg,24
1625.jpeg,85
1626.jpeg,4
1627.jpeg,61
1628.jpeg,75
1629.jpeg,5
1630.jpeg,24
1631.jpeg,80
1632.jpeg,46
1633.jpeg,74
1634.jpeg,6
1635.jpeg,13
1636.jpeg,69
1637.jpeg,15
1638.jpeg,66
1639.jpeg,32
1640.jpeg,36
1641.jpeg,63
1642.jpeg,60
1643.jpeg,6
1644.jpeg,66
1645.jpeg,94
1646.jpeg,62
1647.jpeg,3
1648.jpeg,8
1649.jpeg,43
1650.jpeg,54
1651.jpeg,41
1652.jpeg,92
1653.jpeg,17
1654.jpeg,30
1655.jpeg,44
1656.jpeg,56
1657.jpeg,36
1658.jpeg,73
1659.jpeg,92
1660.jpeg,26
1661.jpeg,0
1662.jpeg,20
1663.jpeg,53
1664.jpeg,96
1665.jpeg,12
1666.jpeg,3
1667.jpeg,21
1668.jpeg,68
1669.jpeg,64
1670.jpeg,87
1671.jpeg,72
1672.jpeg,19
1673.jpeg,73
1674.jpeg,26
1675.jpeg,55
1676.jpeg,24
1677.jpeg,75
1678.jpeg,32
1679.jpeg,8
1680.jpeg,13
1681.jpeg,76
1682.jpeg,88
1683.jpeg,39
1684.jpeg,37
1685.jpeg,57
1686.jpeg,11
1687.jpeg,99
1688.jpeg,25
1689.jpeg,71
1690.jpeg,35
1691.jpeg,99
1692.jpeg,83
1693.jpeg,28
1694.jpeg,41
1695.jpeg,57
1696.jpeg,41
1697.jpeg,44
1698.jpeg,34
1699.jpeg,79
1700.jpeg,46
1701.jpeg,14
1702.jpeg,65
1703.jpeg,60
1704.jpeg,99
1705.jpeg,8
1706.jpeg,38
1707.jpeg,58
1708.jpeg,30
1709.jpeg,58
1710.jpeg,14
1711.jpeg,49
1712.jpeg,35
1713.jpeg,34
1714.jpeg,76
1715.jpeg,65
1716.jpeg,12
1717.jpeg,34
1718.jpeg,81
1719.jpeg,57
1720.jpeg,88
1721.jpeg,24
1722.jpeg,43
1723.jpeg,15
1724.jpeg,24
1725.jpeg,62
1726.jpeg,90
1727.jpeg,40
1728.jpeg,87
1729.jpeg,71
1730.jpeg,29
1731.jpeg,22
1732.jpeg,92
1733.jpeg,70
1734.jpeg,4
1735.jpeg,98
1736.jpeg,24
1737.jpeg,22
1738.jpeg,68
1739.jpeg,61
1740.jpeg,82
1741.jpeg,58
1742.jpeg,83
1743.jpeg,99
1744.jpeg,1
1745.jpeg,61
1746.jpeg,36
1747.jpeg,58
1748.jpeg,66
1749.jpeg,88
1750.jpeg,43
1751.jpeg,78
1752.jpeg,98
1753.jpeg,81
1754.jpeg,57
1755.jpeg,97
1756.jpeg,53
1757.jpeg,93
1758.jpeg,32
1759.jpeg,73
1760.jpeg,49
1761.jpeg,79
1762.jpeg,90
1763.jpeg,63
1764.jpeg,29
1765.jpeg,82
1766.jpeg,5
1767.jpeg,54
1768.jpeg,93
1769.jpeg,93
1770.jpeg,40
1771.jpeg,93
1772.jpeg,94
1773.jpeg,91
1774.jpeg,85
1775.jpeg,94
1776.jpeg,4
1777.jpeg,54
1778.jpeg,32
1779.jpeg,94
1780.jpeg,94
1781.jpeg,68
1782.jpeg,13
1783.jpeg,40
1784.jpeg,34
1785.jpeg,64
1786.jpeg,90
1787.jpeg,56
1788.jpeg,97
1789.jpeg,50
1790.jpeg,45
1791.jpeg,47
1792.jpeg,3
1793.jpeg,65
1794.jpeg,66
1795.jpeg,30
1796.jpeg,35
1797.jpeg,41
1798.jpeg,80
1799.jpeg,43
1800.jpeg,47
1801.jpeg,82
1802.jpeg,22
1803.jpeg,5
1804.jpeg,63
1805.jpeg,88
1806.jpeg,53
1807.jpeg,54
1808.jpeg,74
1809.jpeg,56
1810.jpeg,29
1811.jpeg,43
1812.jpeg,23
1813.jpeg,77
1814.jpeg,84
1815.jpeg,79
1816.jpeg,37
1817.jpeg,60
1818.jpeg,45
1819.jpeg,38
1820.jpeg,92
1821.jpeg,55
1822.jpeg,32
1823.jpeg,64
1824.jpeg,59
1825.jpeg,30
1826.jpeg,4
1827.jpeg,5
1828.jpeg,74
1829.jpeg,27
1830.jpeg,63
1831.jpeg,76
1832.jpeg,70
1833.jpeg,72
1834.jpeg,51
1835.jpeg,3
1836.jpeg,48
1837.jpeg,43
1838.jpeg,31
1839.jpeg,76
1840.jpeg,88
1841.jpeg,18
1842.jpeg,77
1843.jpeg,44
1844.jpeg,82
1845.jpeg,50
1846.jpeg,76
1847.jpeg,70
1848.jpeg,15
1849.jpeg,23
1850.jpeg,40
1851.jpeg,45
1852.jpeg,12
1853.jpeg,36
1854.jpeg,21
1855.jpeg,62
1856.jpeg,60
1857.jpeg,94
1858.jpeg,62
1859.jpeg,28
1860.jpeg,95
1861.jpeg,72
1862.jpeg,88
1863.jpeg,48
1864.jpeg,44
1865.jpeg,10
1866.jpeg,50
1867.jpeg,49
1868.jpeg,24
1869.jpeg,64
1870.jpeg,10
1871.jpeg,72
1872.jpeg,34
1873.jpeg,55
1874.jpeg,89
1875.jpeg,49
1876.jpeg,19
1877.jpeg,82
1878.jpeg,81
1879.jpeg,93
1880.jpeg,52
1881.jpeg,11
1882.jpeg,13
1883.jpeg,35
1884.jpeg,68
1885.jpeg,25
1886.jpeg,54
1887.jpeg,60
1888.jpeg,44
1889.jpeg,24
1890.jpeg,61
1891.jpeg,2
1892.jpeg,24
1893.jpeg,91
1894.jpeg,94
1895.jpeg,17
1896.jpeg,98
1897.jpeg,7
1898.jpeg,98
1899.jpeg,92
1900.jpeg,68
1901.jpeg,89
1902.jpeg,39
1903.jpeg,79
1904.jpeg,62
1905.jpeg,56
1906.jpeg,22
1907.jpeg,69
1908.jpeg,88
1909.jpeg,91
1910.jpeg,3
1911.jpeg,5
1912.jpeg,12
1913.jpeg,73
1914.jpeg,95
1915.jpeg,36
1916.jpeg,37
1917.jpeg,7
1918.jpeg,81
1919.jpeg,80
1920.jpeg,90
1921.jpeg,13
1922.jpeg,27
1923.jpeg,94
1924.jpeg,96
1925.jpeg,23
1926.jpeg,74
1927.jpeg,47
1928.jpeg,95
1929.jpeg,63
1930.jpeg,5
1931.jpeg,62
1932.jpeg,96
1933.jpeg,96
1934.jpeg,66
1935.jpeg,85
1936.jpeg,93
1937.jpeg,42
1938.jpeg,67
1939.jpeg,55
1940.jpeg,7
1941.jpeg,66
1942.jpeg,92
1943.jpeg,44
1944.jpeg,45
1945.jpeg,12
1946.jpeg,23
1947.jpeg,82
1948.jpeg,92
1949.jpeg,36
1950.jpeg,32
1951.jpeg,35
1952.jpeg,3
1953.jpeg,17
1954.jpeg,20
1955.jpeg,52
1956.jpeg,85
1957.jpeg,82
1958.jpeg,63
1959.jpeg,98
1960.jpeg,80
1961.jpeg,35
1962.jpeg,2
1963.jpeg,43
1964.jpeg,48
1965.jpeg,61
1966.jpeg,11
1967.jpeg,86
1968.jpeg,27
1969.jpeg,1
1970.jpeg,70
1971.jpeg,75
1972.jpeg,7
1973.jpeg,45
1974.jpeg,30
1975.jpeg,55
1976.jpeg,26
1977.jpeg,74
1978.jpeg,84
1979.jpeg,22
1980.jpeg,79
1981.jpeg,94
1982.jpeg,78
1983.jpeg,91
1984.jpeg,23
1985.jpeg,99
1986.jpeg,52
1987.jpeg,49
1988.jpeg,1
1989.jpeg,44
1990.jpeg,54
1991.jpeg,72
1992.jpeg,40
1993.jpeg,31
1994.jpeg,68
1995.jpeg,84
1996.jpeg,83
1997.jpeg,82
1998.jpeg,4
1999.jpeg,2
2000.jpeg,26
2001.jpeg,31
2002.jpeg,84
2003.jpeg,62
2004.jpeg,55
2005.jpeg,17
2006.jpeg,69
2007.jpeg,18
2008.jpeg,68
2009.jpeg,55
2010.jpeg,28
2011.jpeg,25
2012.jpeg,30
2013.jpeg,69
2014.jpeg,59
2015.jpeg,35
2016.jpeg,40
2017.jpeg,45
2018.jpeg,76
2019.jpeg,46
2020.jpeg,76
2021.jpeg,0
2022.jpeg,7
2023.jpeg,65
2024.jpeg,16
2025.jpeg,72
2026.jpeg,76
2027.jpeg,72
2028.jpeg,0
2029.jpeg,22
2030.jpeg,97
2031.jpeg,28
2032.jpeg,23
2033.jpeg,48
2034.jpeg,56
2035.jpeg,53
2036.jpeg,27
2037.jpeg,56
2038.jpeg,87
2039.jpeg,79
2040.jpeg,69
2041.jpeg,25
2042.jpeg,6
2043.jpeg,74
2044.jpeg,16
2045.jpeg,67
2046.jpeg,10
2047.jpeg,33
2048.jpeg,72
2049.jpeg,46
2050.jpeg,99
2051.jpeg,81
2052.jpeg,14
2053.jpeg,17
2054.jpeg,45
2055.jpeg,22
2056.jpeg,47
2057.jpeg,92
2058.jpeg,60
2059.jpeg,61
2060.jpeg,69
2061.jpeg,86
2062.jpeg,5
2063.jpeg,45
2064.jpeg,25
2065.jpeg,20
2066.jpeg,16
2067.jpeg,64
2068.jpeg,72
2069.jpeg,55
2070.jpeg,50
2071.jpeg,39
2072.jpeg,87
2073.jpeg,5
2074.jpeg,13
2075.jpeg,16
2076.jpeg,42
2077.jpeg,82
2078.jpeg,80
2079.jpeg,10
2080.jpeg,75
2081.jpeg,96
2082.jpeg,25
2083.jpeg,73
2084.jpeg,89
2085.jpeg,94
2086.jpeg,17
2087.jpeg,58
2088.jpeg,49
2089.jpeg,31
2090.jpeg,90
2091.jpeg,82
2092.jpeg,18
2093.jpeg,95
2094.jpeg,44
2095.jpeg,25
2096.jpeg,26
2097.jpeg,75
2098.jpeg,29
2099.jpeg,69
2100.jpeg,56
2101.jpeg,60
2102.jpeg,75
2103.jpeg,14
2104.jpeg,5
2105.jpeg,88
2106.jpeg,15
2107.jpeg,93
2108.jpeg,84
2109.jpeg,60
2110.jpeg,88
2111.jpeg,46
2112.jpeg,87
2113.jpeg,23
2114.jpeg,95
2115.jpeg,56
2116.jpeg,5
2117.jpeg,55
2118.jpeg,1
2119.jpeg,4
2120.jpeg,58
2121.jpeg,35
2122.jpeg,94
2123.jpeg,58
2124.jpeg,87
2125.jpeg,9
2126.jpeg,37
2127.jpeg,86
2128.jpeg,30
2129.jpeg,84
2130.jpeg,5
2131.jpeg,50
2132.jpeg,0
2133.jpeg,89
2134.jpeg,90
2135.jpeg,51
2136.jpeg,76
2137.jpeg,89
2138.jpeg,93
2139.jpeg,3
2140.jpeg,61
2141.jpeg,81
2142.jpeg,75
2143.jpeg,79
2144.jpeg,9
2145.jpeg,53
2146.jpeg,55
2147.jpeg,67
2148.jpeg,22
2149.jpeg,19
2150.jpeg,11
2151.jpeg,99
2152.jpeg,44
2153.jpeg,97
2154.jpeg,12
2155.jpeg,47
2156.jpeg,99
2157.jpeg,91
2158.jpeg,75
2159.jpeg,32
2160.jpeg,36
2161.jpeg,1
2162.jpeg,43
2163.jpeg,65
2164.jpeg,5
2165.jpeg,11
2166.jpeg,86
2167.jpeg,12
2168.jpeg,51
2169.jpeg,98
2170.jpeg,96
2171.jpeg,59
2172.jpeg,44
2173.jpeg,77
2174.jpeg,21
2175.jpeg,14
2176.jpeg,58
2177.jpeg,65
2178.jpeg,42
2179.jpeg,15
2180.jpeg,96
2181.jpeg,7
2182.jpeg,76
2183.jpeg,8
2184.jpeg,11
2185.jpeg,16
2186.jpeg,39
2187.jpeg,25
2188.jpeg,58
2189.jpeg,7
2190.jpeg,78
2191.jpeg,81
2192.jpeg,50
2193.jpeg,1
2194.jpeg,91
2195.jpeg,27
2196.jpeg,30
2197.jpeg,5
2198.jpeg,85
2199.jpeg,36
2200.jpeg,97
2201.jpeg,89
2202.jpeg,16
2203.jpeg,91
2204.jpeg,64
2205.jpeg,12
2206.jpeg,62
2207.jpeg,3
2208.jpeg,11
2209.jpeg,76
2210.jpeg,92
2211.jpeg,25
2212.jpeg,39
2213.jpeg,64
2214.jpeg,42
2215.jpeg,63
2216.jpeg,58
2217.jpeg,7
2218.jpeg,52
2219.jpeg,39
2220.jpeg,35
2221.jpeg,80
2222.jpeg,92
2223.jpeg,8
2224.jpeg,5
2225.jpeg,42
2226.jpeg,69
2227.jpeg,46
2228.jpeg,58
2229.jpeg,22
2230.jpeg,5
2231.jpeg,69
2232.jpeg,55
2233.jpeg,75
2234.jpeg,48
2235.jpeg,58
2236.jpeg,63
2237.jpeg,0
2238.jpeg,6
2239.jpeg,65
2240.jpeg,71
2241.jpeg,4
2242.jpeg,67
2243.jpeg,80
2244.jpeg,13
2245.jpeg,31
2246.jpeg,49
2247.jpeg,6
2248.jpeg,25
2249.jpeg,1
2250.jpeg,45
2251.jpeg,77
2252.jpeg,79
2253.jpeg,24
2254.jpeg,92
2255.jpeg,66
2256.jpeg,97
2257.jpeg,61
2258.jpeg,32
2259.jpeg,9
2260.jpeg,56
2261.jpeg,84
2262.jpeg,23
2263.jpeg,73
2264.jpeg,14
2265.jpeg,78
2266.jpeg,54
2267.jpeg,23
2268.jpeg,65
2269.jpeg,12
2270.jpeg,71
2271.jpeg,13
2272.jpeg,96
2273.jpeg,3
2274.jpeg,5
2275.jpeg,29
2276.jpeg,84
2277.jpeg,62
2278.jpeg,2
2279.jpeg,77
2280.jpeg,20
2281.jpeg,85
2282.jpeg,46
2283.jpeg,52
2284.jpeg,51
2285.jpeg,11
2286.jpeg,62
2287.jpeg,28
2288.jpeg,50
2289.jpeg,6
2290.jpeg,5
2291.jpeg,33
2292.jpeg,5
2293.jpeg,35
2294.jpeg,11
2295.jpeg,57
2296.jpeg,53
2297.jpeg,39
2298.jpeg,84
2299.jpeg,40
2300.jpeg,38
2301.jpeg,17
2302.jpeg,65
2303.jpeg,83
2304.jpeg,7
2305.jpeg,7
2306.jpeg,94
2307.jpeg,36
2308.jpeg,6
2309.jpeg,43
2310.jpeg,21
2311.jpeg,3
2312.jpeg,4
2313.jpeg,68
2314.jpeg,83
2315.jpeg,72
2316.jpeg,12
2317.jpeg,51
2318.jpeg,84
2319.jpeg,41
2320.jpeg,1
2321.jpeg,5
2322.jpeg,73
2323.jpeg,15
2324.jpeg,69
2325.jpeg,87
2326.jpeg,33
2327.jpeg,86
2328.jpeg,20
2329.jpeg,29
2330.jpeg,40
2331.jpeg,5
2332.jpeg,17
2333.jpeg,54
2334.jpeg,27
2335.jpeg,66
2336.jpeg,45
2337.jpeg,22
2338.jpeg,18
2339.jpeg,87
2340.jpeg,32
2341.jpeg,23
2342.jpeg,19
2343.jpeg,60
2344.jpeg,2
2345.jpeg,15
2346.jpeg,15
2347.jpeg,60
2348.jpeg,73
2349.jpeg,48
2350.jpeg,85
2351.jpeg,54
2352.jpeg,60
2353.jpeg,54
2354.jpeg,90
2355.jpeg,48
2356.jpeg,26
2357.jpeg,16
2358.jpeg,99
2359.jpeg,93
2360.jpeg,43
2361.jpeg,3
2362.jpeg,48
2363.jpeg,52
2364.jpeg,52
2365.jpeg,72
2366.jpeg,52
2367.jpeg,48
2368.jpeg,18
2369.jpeg,83
2370.jpeg,40
2371.jpeg,83
2372.jpeg,90
2373.jpeg,30
2374.jpeg,10
2375.jpeg,92
2376.jpeg,2
2377.jpeg,0
2378.jpeg,83
2379.jpeg,28
2380.jpeg,39
2381.jpeg,78
2382.jpeg,36
2383.jpeg,68
2384.jpeg,74
2385.jpeg,91
2386.jpeg,82
2387.jpeg,47
2388.jpeg,25
2389.jpeg,4
2390.jpeg,41
2391.jpeg,80
2392.jpeg,83
2393.jpeg,38
2394.jpeg,0
2395.jpeg,18
2396.jpeg,43
2397.jpeg,51
2398.jpeg,80
2399.jpeg,28
2400.jpeg,2
2401.jpeg,93
2402.jpeg,35
2403.jpeg,27
2404.jpeg,86
2405.jpeg,2
2406.jpeg,85
2407.jpeg,89
2408.jpeg,53
2409.jpeg,34
2410.jpeg,27
2411.jpeg,65
2412.jpeg,68
2413.jpeg,91
2414.jpeg,69
2415.jpeg,1
2416.jpeg,81
2417.jpeg,81
2418.jpeg,19
2419.jpeg,2
2420.jpeg,95
2421.jpeg,11
2422.jpeg,73
2423.jpeg,30
2424.jpeg,32
2425.jpeg,41
2426.jpeg,29
2427.jpeg,32
2428.jpeg,86
2429.jpeg,63
2430.jpeg,13
2431.jpeg,27
2432.jpeg,72
2433.jpeg,27
2434.jpeg,20
2435.jpeg,16
2436.jpeg,98
2437.jpeg,55
2438.jpeg,25
2439.jpeg,76
2440.jpeg,41
2441.jpeg,42
2442.jpeg,13
2443.jpeg,43
2444.jpeg,35
2445.jpeg,96
2446.jpeg,61
2447.jpeg,74
2448.jpeg,18
2449.jpeg,9
2450.jpeg,20
2451.jpeg,19
2452.jpeg,24
2453.jpeg,79
2454.jpeg,62
2455.jpeg,5
2456.jpeg,73
2457.jpeg,82
2458.jpeg,10
2459.jpeg,86
2460.jpeg,99
2461.jpeg,25
2462.jpeg,50
2463.jpeg,54
2464.jpeg,10
2465.jpeg,80
2466.jpeg,31
2467.jpeg,36
2468.jpeg,83
2469.jpeg,32
2470.jpeg,55
2471.jpeg,24
2472.jpeg,62
2473.jpeg,21
2474.jpeg,76
2475.jpeg,59
2476.jpeg,22
2477.jpeg,1
2478.jpeg,89
2479.jpeg,46
2480.jpeg,73
2481.jpeg,22
2482.jpeg,3
2483.jpeg,73
2484.jpeg,29
2485.jpeg,38
2486.jpeg,8
2487.jpeg,4
2488.jpeg,93
2489.jpeg,62
2490.jpeg,23
2491.jpeg,77
2492.jpeg,64
2493.jpeg,71
2494.jpeg,56
2495.jpeg,10
2496.jpeg,80
2497.jpeg,19
2498.jpeg,49
2499.jpeg,46
2500.jpeg,66
2501.jpeg,17
2502.jpeg,91
2503.jpeg,15
2504.jpeg,25
2505.jpeg,56
2506.jpeg,14
2507.jpeg,97
2508.jpeg,79
2509.jpeg,88
2510.jpeg,92
2511.jpeg,80
2512.jpeg,98
2513.jpeg,72
2514.jpeg,37
2515.jpeg,53
2516.jpeg,25
2517.jpeg,86
2518.jpeg,24
2519.jpeg,20
2520.jpeg,82
2521.jpeg,70
2522.jpeg,36
2523.jpeg,3
2524.jpeg,11
2525.jpeg,6
2526.jpeg,54
2527.jpeg,19
2528.jpeg,59
2529.jpeg,91
2530.jpeg,29
2531.jpeg,72
2532.jpeg,49
2533.jpeg,77
2534.jpeg,19
2535.jpeg,73
2536.jpeg,35
2537.jpeg,30
2538.jpeg,80
2539.jpeg,23
2540.jpeg,7
2541.jpeg,49
2542.jpeg,21
2543.jpeg,53
2544.jpeg,88
2545.jpeg,8
2546.jpeg,24
2547.jpeg,62
2548.jpeg,50
2549.jpeg,67
2550.jpeg,23
2551.jpeg,5
2552.jpeg,24
2553.jpeg,42
2554.jpeg,7
2555.jpeg,90
2556.jpeg,24
2557.jpeg,70
2558.jpeg,30
2559.jpeg,46
2560.jpeg,63
2561.jpeg,86
2562.jpeg,99
2563.jpeg,38
2564.jpeg,6
2565.jpeg,45
2566.jpeg,52
2567.jpeg,97
2568.jpeg,85
2569.jpeg,5
2570.jpeg,8
2571.jpeg,32
2572.jpeg,87
2573.jpeg,57
2574.jpeg,81
2575.jpeg,58
2576.jpeg,2
2577.jpeg,7
2578.jpeg,3
2579.jpeg,7
2580.jpeg,97
2581.jpeg,36
2582.jpeg,27
2583.jpeg,55
2584.jpeg,33
2585.jpeg,70
2586.jpeg,88
2587.jpeg,52
2588.jpeg,97
2589.jpeg,37
2590.jpeg,25
2591.jpeg,65
2592.jpeg,21
2593.jpeg,57
2594.jpeg,1
2595.jpeg,11
2596.jpeg,55
2597.jpeg,5
2598.jpeg,37
2599.jpeg,70
2600.jpeg,10
2601.jpeg,4
2602.jpeg,68
2603.jpeg,28
2604.jpeg,18
2605.jpeg,75
2606.jpeg,23
2607.jpeg,92
2608.jpeg,1
2609.jpeg,17
2610.jpeg,38
2611.jpeg,81
2612.jpeg,1
2613.jpeg,2
2614.jpeg,92
2615.jpeg,26
2616.jpeg,31
2617.jpeg,77
2618.jpeg,8
2619.jpeg,20
2620.jpeg,3
2621.jpeg,26
2622.jpeg,1
2623.jpeg,5
2624.jpeg,90
2625.jpeg,80
2626.jpeg,62
2627.jpeg,11
2628.jpeg,27
2629.jpeg,32
2630.jpeg,31
2631.jpeg,1
2632.jpeg,2
2633.jpeg,95
2634.jpeg,90
2635.jpeg,81
2636.jpeg,44
2637.jpeg,33
2638.jpeg,43
2639.jpeg,65
2640.jpeg,51
2641.jpeg,4
2642.jpeg,76
2643.jpeg,50
2644.jpeg,33
2645.jpeg,4
2646.jpeg,98
2647.jpeg,44
2648.jpeg,17
2649.jpeg,90
2650.jpeg,25
2651.jpeg,20
2652.jpeg,91
2653.jpeg,35
2654.jpeg,69
2655.jpeg,25
2656.jpeg,1
2657.jpeg,27
2658.jpeg,64
2659.jpeg,93
2660.jpeg,43
2661.jpeg,43
2662.jpeg,1
2663.jpeg,66
2664.jpeg,76
2665.jpeg,87
2666.jpeg,64
2667.jpeg,79
2668.jpeg,78
2669.jpeg,52
2670.jpeg,29
2671.jpeg,80
2672.jpeg,77
2673.jpeg,92
2674.jpeg,70
2675.jpeg,57
2676.jpeg,84
2677.jpeg,33
2678.jpeg,26
2679.jpeg,45
2680.jpeg,46
2681.jpeg,52
2682.jpeg,91
2683.jpeg,22
2684.jpeg,97
2685.jpeg,16
2686.jpeg,0
2687.jpeg,43
2688.jpeg,82
2689.jpeg,12
2690.jpeg,81
2691.jpeg,75
2692.jpeg,24
2693.jpeg,5
2694.jpeg,2
2695.jpeg,3
2696.jpeg,90
2697.jpeg,33
2698.jpeg,36
2699.jpeg,65
2700.jpeg,59
2701.jpeg,37
2702.jpeg,61
2703.jpeg,19
2704.jpeg,22
2705.jpeg,7
2706.jpeg,19
2707.jpeg,45
2708.jpeg,47
2709.jpeg,50
2710.jpeg,46
2711.jpeg,41
2712.jpeg,90
2713.jpeg,75
2714.jpeg,4
2715.jpeg,73
2716.jpeg,94
2717.jpeg,48
2718.jpeg,79
2719.jpeg,21
2720.jpeg,9
2721.jpeg,6
2722.jpeg,56
2723.jpeg,98
2724.jpeg,91
2725.jpeg,66
2726.jpeg,9
2727.jpeg,66
2728.jpeg,9
2729.jpeg,11
2730.jpeg,80
2731.jpeg,36
2732.jpeg,15
2733.jpeg,48
2734.jpeg,19
2735.jpeg,79
2736.jpeg,7
2737.jpeg,23
2738.jpeg,64
2739.jpeg,94
2740.jpeg,97
2741.jpeg,62
2742.jpeg,6
2743.jpeg,65
2744.jpeg,0
2745.jpeg,76
2746.jpeg,91
2747.jpeg,64
2748.jpeg,96
2749.jpeg,16
2750.jpeg,43
2751.jpeg,15
2752.jpeg,16
2753.jpeg,95
2754.jpeg,52
2755.jpeg,73
2756.jpeg,68
2757.jpeg,98
2758.jpeg,31
2759.jpeg,87
2760.jpeg,7
2761.jpeg,22
2762.jpeg,33
2763.jpeg,62
2764.jpeg,56
2765.jpeg,78
2766.jpeg,83
2767.jpeg,20
2768.jpeg,60
2769.jpeg,17
2770.jpeg,37
2771.jpeg,71
2772.jpeg,50
2773.jpeg,8
2774.jpeg,41
2775.jpeg,40
2776.jpeg,5
2777.jpeg,59
2778.jpeg,95
2779.jpeg,17
2780.jpeg,38
2781.jpeg,9
2782.jpeg,32
2783.jpeg,94
2784.jpeg,43
2785.jpeg,53
2786.jpeg,95
2787.jpeg,6
2788.jpeg,99
2789.jpeg,74
2790.jpeg,23
2791.jpeg,12
2792.jpeg,0
2793.jpeg,76
2794.jpeg,39
2795.jpeg,49
2796.jpeg,26
2797.jpeg,83
2798.jpeg,12
2799.jpeg,97
2800.jpeg,21
2801.jpeg,42
2802.jpeg,50
2803.jpeg,22
2804.jpeg,81
2805.jpeg,93
2806.jpeg,51
2807.jpeg,58
2808.jpeg,50
2809.jpeg,45
2810.jpeg,52
2811.jpeg,58
2812.jpeg,88
2813.jpeg,98
2814.jpeg,56
2815.jpeg,29
2816.jpeg,98
2817.jpeg,34
2818.jpeg,39
2819.jpeg,4
2820.jpeg,6
2821.jpeg,53
2822.jpeg,0
2823.jpeg,65
2824.jpeg,71
2825.jpeg,22
2826.jpeg,27
2827.jpeg,55
2828.jpeg,48
2829.jpeg,86
2830.jpeg,54
2831.jpeg,18
2832.jpeg,69
2833.jpeg,55
2834.jpeg,17
2835.jpeg,24
2836.jpeg,67
2837.jpeg,20
2838.jpeg,52
2839.jpeg,41
2840.jpeg,84
2841.jpeg,29
2842.jpeg,37
2843.jpeg,89
2844.jpeg,3
2845.jpeg,26
2846.jpeg,81
2847.jpeg,59
2848.jpeg,18
2849.jpeg,83
2850.jpeg,36
2851.jpeg,73
2852.jpeg,55
2853.jpeg,7
2854.jpeg,16
2855.jpeg,33
2856.jpeg,49
2857.jpeg,99
2858.jpeg,35
2859.jpeg,6
2860.jpeg,56
2861.jpeg,58
2862.jpeg,51
2863.jpeg,19
2864.jpeg,96
2865.jpeg,38
2866.jpeg,41
2867.jpeg,57
2868.jpeg,3
2869.jpeg,5
2870.jpeg,18
2871.jpeg,97
2872.jpeg,89
2873.jpeg,62
2874.jpeg,31
2875.jpeg,64
2876.jpeg,28
2877.jpeg,25
2878.jpeg,50
2879.jpeg,85
2880.jpeg,3
2881.jpeg,9
2882.jpeg,95
2883.jpeg,22
2884.jpeg,57
2885.jpeg,1
2886.jpeg,35
2887.jpeg,93
2888.jpeg,23
2889.jpeg,22
2890.jpeg,21
2891.jpeg,99
2892.jpeg,67
2893.jpeg,47
2894.jpeg,89
2895.jpeg,81
2896.jpeg,18
2897.jpeg,40
2898.jpeg,91
2899.jpeg,92
2900.jpeg,28
2901.jpeg,90
2902.jpeg,58
2903.jpeg,70
2904.jpeg,52
2905.jpeg,4
2906.jpeg,88
2907.jpeg,96
2908.jpeg,79
2909.jpeg,71
2910.jpeg,90
2911.jpeg,77
2912.jpeg,70
2913.jpeg,93
2914.jpeg,31
2915.jpeg,26
2916.jpeg,32
2917.jpeg,46
2918.jpeg,25
2919.jpeg,65
2920.jpeg,78
2921.jpeg,59
2922.jpeg,22
2923.jpeg,12
2924.jpeg,0
2925.jpeg,45
2926.jpeg,43
2927.jpeg,38
2928.jpeg,96
2929.jpeg,49
2930.jpeg,4
2931.jpeg,5
2932.jpeg,11
2933.jpeg,53
2934.jpeg,97
2935.jpeg,30
2936.jpeg,28
2937.jpeg,86
2938.jpeg,84
2939.jpeg,27
2940.jpeg,65
2941.jpeg,52
2942.jpeg,64
2943.jpeg,8
2944.jpeg,76
2945.jpeg,41
2946.jpeg,71
2947.jpeg,59
2948.jpeg,51
2949.jpeg,55
2950.jpeg,64
2951.jpeg,23
2952.jpeg,82
2953.jpeg,69
2954.jpeg,70
2955.jpeg,87
2956.jpeg,45
2957.jpeg,6
2958.jpeg,62
2959.jpeg,30
2960.jpeg,98
2961.jpeg,9
2962.jpeg,14
2963.jpeg,11
2964.jpeg,2
2965.jpeg,76
2966.jpeg,44
2967.jpeg,85
2968.jpeg,93
2969.jpeg,25
2970.jpeg,29
2971.jpeg,90
2972.jpeg,94
2973.jpeg,27
2974.jpeg,17
2975.jpeg,72
2976.jpeg,53
2977.jpeg,78
2978.jpeg,71
2979.jpeg,59
2980.jpeg,70
2981.jpeg,10
2982.jpeg,68
2983.jpeg,70
2984.jpeg,88
2985.jpeg,7
2986.jpeg,10
2987.jpeg,82
2988.jpeg,97
2989.jpeg,70
2990.jpeg,63
2991.jpeg,91
2992.jpeg,66
2993.jpeg,0
2994.jpeg,64
2995.jpeg,79
2996.jpeg,41
2997.jpeg,5
2998.jpeg,99
2999.jpeg,89
3000.jpeg,68
3001.jpeg,50
3002.jpeg,80
3003.jpeg,78
3004.jpeg,15
3005.jpeg,70
3006.jpeg,17
3007.jpeg,57
3008.jpeg,35
3009.jpeg,49
3010.jpeg,16
3011.jpeg,32
3012.jpeg,53
3013.jpeg,55
3014.jpeg,47
3015.jpeg,33
3016.jpeg,8
3017.jpeg,39
3018.jpeg,97
3019.jpeg,4
3020.jpeg,31
3021.jpeg,92
3022.jpeg,94
3023.jpeg,77
3024.jpeg,16
3025.jpeg,35
3026.jpeg,44
3027.jpeg,15
3028.jpeg,0
3029.jpeg,99
3030.jpeg,57
3031.jpeg,51
3032.jpeg,93
3033.jpeg,50
3034.jpeg,85
3035.jpeg,65
3036.jpeg,0
3037.jpeg,37
3038.jpeg,92
3039.jpeg,79
3040.jpeg,81
3041.jpeg,12
3042.jpeg,47
3043.jpeg,38
3044.jpeg,23
3045.jpeg,77
3046.jpeg,48
3047.jpeg,54
3048.jpeg,49
3049.jpeg,40
3050.jpeg,40
3051.jpeg,3
3052.jpeg,2
3053.jpeg,50
3054.jpeg,43
3055.jpeg,89
3056.jpeg,28
3057.jpeg,33
3058.jpeg,46
3059.jpeg,7
3060.jpeg,98
3061.jpeg,4
3062.jpeg,51
3063.jpeg,71
3064.jpeg,25
3065.jpeg,55
3066.jpeg,71
3067.jpeg,13
3068.jpeg,36
3069.jpeg,93
3070.jpeg,11
3071.jpeg,26
3072.jpeg,22
3073.jpeg,15
3074.jpeg,5
3075.jpeg,50
3076.jpeg,26
3077.jpeg,18
3078.jpeg,58
3079.jpeg,76
3080.jpeg,82
3081.jpeg,15
3082.jpeg,11
3083.jpeg,70
3084.jpeg,7
3085.jpeg,83
3086.jpeg,76
3087.jpeg,96
3088.jpeg,98
3089.jpeg,7
3090.jpeg,76
3091.jpeg,57
3092.jpeg,91
3093.jpeg,19
3094.jpeg,49
3095.jpeg,42
3096.jpeg,1
3097.jpeg,70
3098.jpeg,28
3099.jpeg,26
3100.jpeg,58
3101.jpeg,95
3102.jpeg,82
3103.jpeg,30
3104.jpeg,4
3105.jpeg,95
3106.jpeg,11
3107.jpeg,93
3108.jpeg,0
3109.jpeg,44
3110.jpeg,9
3111.jpeg,89
3112.jpeg,60
3113.jpeg,6
3114.jpeg,83
3115.jpeg,73
3116.jpeg,63
3117.jpeg,85
3118.jpeg,93
3119.jpeg,67
3120.jpeg,32
3121.jpeg,36
3122.jpeg,77
3123.jpeg,87
3124.jpeg,23
3125.jpeg,84
3126.jpeg,70
3127.jpeg,87
3128.jpeg,24
3129.jpeg,64
3130.jpeg,32
3131.jpeg,90
3132.jpeg,38
3133.jpeg,67
3134.jpeg,4
3135.jpeg,97
3136.jpeg,61
3137.jpeg,29
3138.jpeg,57
3139.jpeg,75
3140.jpeg,9
3141.jpeg,88
3142.jpeg,71
3143.jpeg,86
3144.jpeg,97
3145.jpeg,17
3146.jpeg,73
3147.jpeg,6
3148.jpeg,74
3149.jpeg,1
3150.jpeg,44
3151.jpeg,99
3152.jpeg,4
3153.jpeg,33
3154.jpeg,12
3155.jpeg,34
3156.jpeg,49
3157.jpeg,59
3158.jpeg,25
3159.jpeg,0
3160.jpeg,72
3161.jpeg,0
3162.jpeg,71
3163.jpeg,29
3164.jpeg,7
3165.jpeg,2
3166.jpeg,13
3167.jpeg,50
3168.jpeg,28
3169.jpeg,18
3170.jpeg,27
3171.jpeg,54
3172.jpeg,16
3173.jpeg,29
3174.jpeg,75
3175.jpeg,83
3176.jpeg,49
3177.jpeg,70
3178.jpeg,76
3179.jpeg,85
3180.jpeg,36
3181.jpeg,88
3182.jpeg,13
3183.jpeg,4
3184.jpeg,73
3185.jpeg,76
3186.jpeg,10
3187.jpeg,72
3188.jpeg,36
3189.jpeg,18
3190.jpeg,81
3191.jpeg,83
3192.jpeg,93
3193.jpeg,57
3194.jpeg,97
3195.jpeg,57
3196.jpeg,40
3197.jpeg,13
3198.jpeg,98
3199.jpeg,53
3200.jpeg,48
3201.jpeg,5
3202.jpeg,55
3203.jpeg,50
3204.jpeg,14
3205.jpeg,23
3206.jpeg,96
3207.jpeg,18
3208.jpeg,44
3209.jpeg,41
3210.jpeg,4
3211.jpeg,4
3212.jpeg,0
3213.jpeg,5
3214.jpeg,53
3215.jpeg,68
3216.jpeg,41
3217.jpeg,4
3218.jpeg,66
3219.jpeg,10
3220.jpeg,75
3221.jpeg,49
3222.jpeg,78
3223.jpeg,56
3224.jpeg,18
3225.jpeg,98
3226.jpeg,81
3227.jpeg,91
3228.jpeg,97
3229.jpeg,18
3230.jpeg,86
3231.jpeg,10
3232.jpeg,11
3233.jpeg,88
3234.jpeg,38
3235.jpeg,4
3236.jpeg,42
3237.jpeg,25
3238.jpeg,93
3239.jpeg,22
3240.jpeg,87
3241.jpeg,24
3242.jpeg,31
3243.jpeg,2
3244.jpeg,39
3245.jpeg,34
3246.jpeg,39
3247.jpeg,76
3248.jpeg,43
3249.jpeg,70
3250.jpeg,72
3251.jpeg,67
3252.jpeg,74
3253.jpeg,18
3254.jpeg,0
3255.jpeg,94
3256.jpeg,35
3257.jpeg,17
3258.jpeg,19
3259.jpeg,60
3260.jpeg,63
3261.jpeg,77
3262.jpeg,5
3263.jpeg,4
3264.jpeg,15
3265.jpeg,28
3266.jpeg,38
3267.jpeg,38
3268.jpeg,71
3269.jpeg,50
3270.jpeg,80
3271.jpeg,62
3272.jpeg,58
3273.jpeg,52
3274.jpeg,18
3275.jpeg,83
3276.jpeg,69
3277.jpeg,60
3278.jpeg,68
3279.jpeg,46
3280.jpeg,50
3281.jpeg,3
3282.jpeg,23
3283.jpeg,40
3284.jpeg,97
3285.jpeg,38
3286.jpeg,58
3287.jpeg,24
3288.jpeg,12
3289.jpeg,70
3290.jpeg,81
3291.jpeg,22
3292.jpeg,9
3293.jpeg,33
3294.jpeg,88
3295.jpeg,61
3296.jpeg,8
3297.jpeg,63
3298.jpeg,79
3299.jpeg,68
3300.jpeg,74
3301.jpeg,49
3302.jpeg,64
3303.jpeg,34
3304.jpeg,79
3305.jpeg,68
3306.jpeg,67
3307.jpeg,51
3308.jpeg,8
3309.jpeg,70
3310.jpeg,88
3311.jpeg,40
3312.jpeg,46
3313.jpeg,13
3314.jpeg,90
3315.jpeg,59
3316.jpeg,81
3317.jpeg,48
3318.jpeg,73
3319.jpeg,81
3320.jpeg,7
3321.jpeg,95
3322.jpeg,32
3323.jpeg,1
3324.jpeg,37
3325.jpeg,37
3326.jpeg,36
3327.jpeg,48
3328.jpeg,33
3329.jpeg,21
3330.jpeg,65
3331.jpeg,74
3332.jpeg,8
3333.jpeg,16
3334.jpeg,99
3335.jpeg,66
3336.jpeg,43
3337.jpeg,93
3338.jpeg,94
3339.jpeg,46
3340.jpeg,30
3341.jpeg,1
3342.jpeg,52
3343.jpeg,27
3344.jpeg,99
3345.jpeg,95
3346.jpeg,21
3347.jpeg,92
3348.jpeg,3
3349.jpeg,74
3350.jpeg,43
3351.jpeg,90
3352.jpeg,99
3353.jpeg,43
3354.jpeg,80
3355.jpeg,59
3356.jpeg,71
3357.jpeg,6
3358.jpeg,3
3359.jpeg,51
3360.jpeg,0
3361.jpeg,58
3362.jpeg,16
3363.jpeg,87
3364.jpeg,55
3365.jpeg,93
3366.jpeg,6
3367.jpeg,20
3368.jpeg,18
3369.jpeg,74
3370.jpeg,63
3371.jpeg,39
3372.jpeg,90
3373.jpeg,84
3374.jpeg,94
3375.jpeg,47
3376.jpeg,53
3377.jpeg,20
3378.jpeg,52
3379.jpeg,87
3380.jpeg,19
3381.jpeg,55
3382.jpeg,40
3383.jpeg,3
3384.jpeg,37
3385.jpeg,51
3386.jpeg,6
3387.jpeg,12
3388.jpeg,27
3389.jpeg,54
3390.jpeg,23
3391.jpeg,66
3392.jpeg,48
3393.jpeg,4
3394.jpeg,31
3395.jpeg,57
3396.jpeg,33
3397.jpeg,3
3398.jpeg,93
3399.jpeg,29
3400.jpeg,95
3401.jpeg,52
3402.jpeg,12
3403.jpeg,51
3404.jpeg,54
3405.jpeg,58
3406.jpeg,27
3407.jpeg,59
3408.jpeg,2
3409.jpeg,47
3410.jpeg,6
3411.jpeg,10
3412.jpeg,51
3413.jpeg,79
3414.jpeg,66
3415.jpeg,77
3416.jpeg,62
3417.jpeg,56
3418.jpeg,7
3419.jpeg,15
3420.jpeg,46
3421.jpeg,7
3422.jpeg,10
3423.jpeg,56
3424.jpeg,47
3425.jpeg,69
3426.jpeg,39
3427.jpeg,30
3428.jpeg,83
3429.jpeg,89
3430.jpeg,27
3431.jpeg,79
3432.jpeg,70
3433.jpeg,27
3434.jpeg,85
3435.jpeg,16
3436.jpeg,40
3437.jpeg,60
3438.jpeg,89
3439.jpeg,52
3440.jpeg,30
3441.jpeg,47
3442.jpeg,28
3443.jpeg,28
3444.jpeg,11
3445.jpeg,14
3446.jpeg,36
3447.jpeg,58
3448.jpeg,71
3449.jpeg,32
3450.jpeg,6
3451.jpeg,59
3452.jpeg,41
3453.jpeg,55
3454.jpeg,90
3455.jpeg,22
3456.jpeg,14
3457.jpeg,2
3458.jpeg,35
3459.jpeg,90
3460.jpeg,9
3461.jpeg,99
3462.jpeg,77
3463.jpeg,15
3464.jpeg,6
3465.jpeg,80
3466.jpeg,86
3467.jpeg,96
3468.jpeg,77
3469.jpeg,62
3470.jpeg,0
3471.jpeg,95
3472.jpeg,84
3473.jpeg,95
3474.jpeg,34
3475.jpeg,10
3476.jpeg,72
3477.jpeg,77
3478.jpeg,56
3479.jpeg,21
3480.jpeg,1
3481.jpeg,53
3482.jpeg,28
3483.jpeg,74
3484.jpeg,86
3485.jpeg,24
3486.jpeg,57
3487.jpeg,94
3488.jpeg,62
3489.jpeg,55
3490.jpeg,41
3491.jpeg,97
3492.jpeg,9
3493.jpeg,86
3494.jpeg,55
3495.jpeg,12
3496.jpeg,21
3497.jpeg,35
3498.jpeg,16
3499.jpeg,96
3500.jpeg,85
3501.jpeg,60
3502.jpeg,9
3503.jpeg,75
3504.jpeg,53
3505.jpeg,56
3506.jpeg,16
3507.jpeg,34
3508.jpeg,63
3509.jpeg,22
3510.jpeg,67
3511.jpeg,24
3512.jpeg,98
3513.jpeg,41
3514.jpeg,10
3515.jpeg,29
3516.jpeg,38
3517.jpeg,84
3518.jpeg,91
3519.jpeg,92
3520.jpeg,82
3521.jpeg,3
3522.jpeg,22
3523.jpeg,44
3524.jpeg,46
3525.jpeg,32
3526.jpeg,56
3527.jpeg,2
3528.jpeg,28
3529.jpeg,3
3530.jpeg,57
3531.jpeg,77
3532.jpeg,35
3533.jpeg,79
3534.jpeg,99
3535.jpeg,51
3536.jpeg,1
3537.jpeg,13
3538.jpeg,98
3539.jpeg,87
3540.jpeg,97
3541.jpeg,80
3542.jpeg,25
3543.jpeg,95
3544.jpeg,44
3545.jpeg,56
3546.jpeg,23
3547.jpeg,49
3548.jpeg,68
3549.jpeg,55
3550.jpeg,5
3551.jpeg,39
3552.jpeg,31
3553.jpeg,59
3554.jpeg,27
3555.jpeg,92
3556.jpeg,39
3557.jpeg,45
3558.jpeg,47
3559.jpeg,85
3560.jpeg,86
3561.jpeg,51
3562.jpeg,52
3563.jpeg,3
3564.jpeg,72
3565.jpeg,24
3566.jpeg,44
3567.jpeg,76
3568.jpeg,70
3569.jpeg,33
3570.jpeg,26
3571.jpeg,39
3572.jpeg,80
3573.jpeg,70
3574.jpeg,13
3575.jpeg,66
3576.jpeg,49
3577.jpeg,21
3578.jpeg,10
3579.jpeg,36
3580.jpeg,84
3581.jpeg,65
3582.jpeg,76
3583.jpeg,45
3584.jpeg,95
3585.jpeg,31
3586.jpeg,81
3587.jpeg,60
3588.jpeg,16
3589.jpeg,4
3590.jpeg,65
3591.jpeg,73
3592.jpeg,60
3593.jpeg,38
3594.jpeg,38
3595.jpeg,38
3596.jpeg,54
3597.jpeg,11
3598.jpeg,4
3599.jpeg,45
3600.jpeg,28
3601.jpeg,71
3602.jpeg,28
3603.jpeg,2
3604.jpeg,0
3605.jpeg,76
3606.jpeg,31
3607.jpeg,24
3608.jpeg,76
3609.jpeg,10
3610.jpeg,7
3611.jpeg,37
3612.jpeg,20
3613.jpeg,85
3614.jpeg,10
3615.jpeg,81
3616.jpeg,68
3617.jpeg,90
3618.jpeg,33
3619.jpeg,60
3620.jpeg,38
3621.jpeg,20
3622.jpeg,5
3623.jpeg,51
3624.jpeg,83
3625.jpeg,58
3626.jpeg,23
3627.jpeg,40
3628.jpeg,96
3629.jpeg,65
3630.jpeg,70
3631.jpeg,43
3632.jpeg,3
3633.jpeg,93
3634.jpeg,86
3635.jpeg,68
3636.jpeg,47
3637.jpeg,59
3638.jpeg,49
3639.jpeg,63
3640.jpeg,13
3641.jpeg,35
3642.jpeg,68
3643.jpeg,63
3644.jpeg,91
3645.jpeg,55
3646.jpeg,12
3647.jpeg,8
3648.jpeg,1
3649.jpeg,29
3650.jpeg,22
3651.jpeg,9
3652.jpeg,10
3653.jpeg,77
3654.jpeg,32
3655.jpeg,67
3656.jpeg,28
3657.jpeg,44
3658.jpeg,3
3659.jpeg,48
3660.jpeg,41
3661.jpeg,47
3662.jpeg,11
3663.jpeg,27
3664.jpeg,81
3665.jpeg,59
3666.jpeg,86
3667.jpeg,38
3668.jpeg,60
3669.jpeg,20
3670.jpeg,39
3671.jpeg,73
3672.jpeg,70
3673.jpeg,68
3674.jpeg,10
3675.jpeg,3
3676.jpeg,41
3677.jpeg,92
3678.jpeg,29
3679.jpeg,50
3680.jpeg,51
3681.jpeg,49
3682.jpeg,56
3683.jpeg,61
3684.jpeg,2
3685.jpeg,80
3686.jpeg,54
3687.jpeg,53
3688.jpeg,84
3689.jpeg,66
3690.jpeg,66
3691.jpeg,85
3692.jpeg,21
3693.jpeg,40
3694.jpeg,78
3695.jpeg,0
3696.jpeg,98
3697.jpeg,37
3698.jpeg,10
3699.jpeg,32
3700.jpeg,87
3701.jpeg,6
3702.jpeg,4
3703.jpeg,61
3704.jpeg,37
3705.jpeg,91
3706.jpeg,91
3707.jpeg,16
3708.jpeg,14
3709.jpeg,98
3710.jpeg,42
3711.jpeg,48
3712.jpeg,62
3713.jpeg,6
3714.jpeg,43
3715.jpeg,99
3716.jpeg,9
3717.jpeg,46
3718.jpeg,67
3719.jpeg,23
3720.jpeg,58
3721.jpeg,96
3722.jpeg,40
3723.jpeg,59
3724.jpeg,23
3725.jpeg,53
3726.jpeg,44
3727.jpeg,55
3728.jpeg,18
3729.jpeg,79
3730.jpeg,13
3731.jpeg,56
3732.jpeg,20
3733.jpeg,58
3734.jpeg,97
3735.jpeg,12
3736.jpeg,30
3737.jpeg,62
3738.jpeg,38
3739.jpeg,95
3740.jpeg,3
3741.jpeg,58
3742.jpeg,66
3743.jpeg,62
3744.jpeg,65
3745.jpeg,26
3746.jpeg,98
3747.jpeg,21
3748.jpeg,28
3749.jpeg,37
3750.jpeg,29
3751.jpeg,39
3752.jpeg,6
3753.jpeg,81
3754.jpeg,96
3755.jpeg,34
3756.jpeg,47
3757.jpeg,86
3758.jpeg,14
3759.jpeg,85
3760.jpeg,87
3761.jpeg,7
3762.jpeg,33
3763.jpeg,14
3764.jpeg,80
3765.jpeg,19
3766.jpeg,71
3767.jpeg,65
3768.jpeg,22
3769.jpeg,47
3770.jpeg,24
3771.jpeg,52
3772.jpeg,91
3773.jpeg,43
3774.jpeg,99
3775.jpeg,69
3776.jpeg,70
3777.jpeg,24
3778.jpeg,19
3779.jpeg,72
3780.jpeg,4
3781.jpeg,71
3782.jpeg,87
3783.jpeg,45
3784.jpeg,15
3785.jpeg,71
3786.jpeg,3
3787.jpeg,95
3788.jpeg,93
3789.jpeg,36
3790.jpeg,98
3791.jpeg,41
3792.jpeg,99
3793.jpeg,6
3794.jpeg,58
3795.jpeg,33
3796.jpeg,82
3797.jpeg,45
3798.jpeg,16
3799.jpeg,29
3800.jpeg,29
3801.jpeg,70
3802.jpeg,76
3803.jpeg,93
3804.jpeg,30
3805.jpeg,81
3806.jpeg,30
3807.jpeg,76
3808.jpeg,17
3809.jpeg,71
3810.jpeg,8
3811.jpeg,30
3812.jpeg,37
3813.jpeg,58
3814.jpeg,68
3815.jpeg,68
3816.jpeg,72
3817.jpeg,16
3818.jpeg,82
3819.jpeg,84
3820.jpeg,11
3821.jpeg,44
3822.jpeg,19
3823.jpeg,18
3824.jpeg,84
3825.jpeg,42
3826.jpeg,83
3827.jpeg,29
3828.jpeg,22
3829.jpeg,57
3830.jpeg,72
3831.jpeg,6
3832.jpeg,57
3833.jpeg,93
3834.jpeg,55
3835.jpeg,24
3836.jpeg,64
3837.jpeg,24
3838.jpeg,42
3839.jpeg,99
3840.jpeg,65
3841.jpeg,80
3842.jpeg,17
3843.jpeg,79
3844.jpeg,24
3845.jpeg,55
3846.jpeg,64
3847.jpeg,11
3848.jpeg,29
3849.jpeg,95
3850.jpeg,57
3851.jpeg,71
3852.jpeg,88
3853.jpeg,53
3854.jpeg,31
3855.jpeg,96
3856.jpeg,77
3857.jpeg,46
3858.jpeg,24
3859.jpeg,34
3860.jpeg,45
3861.jpeg,20
3862.jpeg,6
3863.jpeg,78
3864.jpeg,61
3865.jpeg,19
3866.jpeg,76
3867.jpeg,65
3868.jpeg,6
3869.jpeg,46
3870.jpeg,5
3871.jpeg,26
3872.jpeg,63
3873.jpeg,44
3874.jpeg,88
3875.jpeg,48
3876.jpeg,83
3877.jpeg,14
3878.jpeg,21
3879.jpeg,97
3880.jpeg,2
3881.jpeg,22
3882.jpeg,18
3883.jpeg,62
3884.jpeg,64
3885.jpeg,51
3886.jpeg,66
3887.jpeg,74
3888.jpeg,8
3889.jpeg,27
3890.jpeg,6
3891.jpeg,53
3892.jpeg,41
3893.jpeg,48
3894.jpeg,86
3895.jpeg,41
3896.jpeg,22
3897.jpeg,45
3898.jpeg,57
3899.jpeg,80
3900.jpeg,29
3901.jpeg,63
3902.jpeg,42
3903.jpeg,67
3904.jpeg,94
3905.jpeg,36
3906.jpeg,75
3907.jpeg,79
3908.jpeg,10
3909.jpeg,63
3910.jpeg,55
3911.jpeg,27
3912.jpeg,97
3913.jpeg,90
3914.jpeg,35
3915.jpeg,95
3916.jpeg,83
3917.jpeg,74
3918.jpeg,24
3919.jpeg,99
3920.jpeg,36
3921.jpeg,21
3922.jpeg,77
3923.jpeg,94
3924.jpeg,70
3925.jpeg,72
3926.jpeg,75
3927.jpeg,1
3928.jpeg,87
3929.jpeg,15
3930.jpeg,13
3931.jpeg,30
3932.jpeg,4
3933.jpeg,48
3934.jpeg,41
3935.jpeg,6
3936.jpeg,62
3937.jpeg,53
3938.jpeg,1
3939.jpeg,30
3940.jpeg,65
3941.jpeg,69
3942.jpeg,23
3943.jpeg,4
3944.jpeg,32
3945.jpeg,67
3946.jpeg,23
3947.jpeg,77
3948.jpeg,33
3949.jpeg,71
3950.jpeg,70
3951.jpeg,55
3952.jpeg,79
3953.jpeg,47
3954.jpeg,74
3955.jpeg,86
3956.jpeg,55
3957.jpeg,65
3958.jpeg,74
3959.jpeg,69
3960.jpeg,16
3961.jpeg,39
3962.jpeg,73
3963.jpeg,37
3964.jpeg,92
3965.jpeg,33
3966.jpeg,10
3967.jpeg,22
3968.jpeg,8
3969.jpeg,49
3970.jpeg,85
3971.jpeg,83
3972.jpeg,12
3973.jpeg,93
3974.jpeg,85
3975.jpeg,70
3976.jpeg,2
3977.jpeg,44
3978.jpeg,0
3979.jpeg,2
3980.jpeg,56
3981.jpeg,33
3982.jpeg,77
3983.jpeg,89
3984.jpeg,31
3985.jpeg,75
3986.jpeg,20
3987.jpeg,76
3988.jpeg,12
3989.jpeg,76
3990.jpeg,76
3991.jpeg,91
3992.jpeg,86
3993.jpeg,53
3994.jpeg,76
3995.jpeg,2
3996.jpeg,83
3997.jpeg,59
3998.jpeg,23
3999.jpeg,12
4000.jpeg,87
4001.jpeg,42
4002.jpeg,91
4003.jpeg,96
4004.jpeg,12
4005.jpeg,88
4006.jpeg,40
4007.jpeg,1
4008.jpeg,73
4009.jpeg,48
4010.jpeg,70
4011.jpeg,40
4012.jpeg,29
4013.jpeg,8
4014.jpeg,74
4015.jpeg,85
4016.jpeg,72
4017.jpeg,63
4018.jpeg,49
4019.jpeg,51
4020.jpeg,88
4021.jpeg,54
4022.jpeg,39
4023.jpeg,22
4024.jpeg,88
4025.jpeg,85
4026.jpeg,50
4027.jpeg,72
4028.jpeg,58
4029.jpeg,17
4030.jpeg,96
4031.jpeg,25
4032.jpeg,96
4033.jpeg,88
4034.jpeg,82
4035.jpeg,21
4036.jpeg,93
4037.jpeg,16
4038.jpeg,66
4039.jpeg,5
4040.jpeg,40
4041.jpeg,15
4042.jpeg,86
4043.jpeg,13
4044.jpeg,43
4045.jpeg,76
4046.jpeg,90
4047.jpeg,70
4048.jpeg,53
4049.jpeg,34
4050.jpeg,39
4051.jpeg,64
4052.jpeg,34
4053.jpeg,53
4054.jpeg,46
4055.jpeg,8
4056.jpeg,66
4057.jpeg,25
4058.jpeg,12
4059.jpeg,9
4060.jpeg,60
4061.jpeg,13
4062.jpeg,61
4063.jpeg,27
4064.jpeg,1
4065.jpeg,38
4066.jpeg,37
4067.jpeg,51
4068.jpeg,30
4069.jpeg,96
4070.jpeg,7
4071.jpeg,62
4072.jpeg,80
4073.jpeg,10
4074.jpeg,37
4075.jpeg,69
4076.jpeg,5
4077.jpeg,34
4078.jpeg,73
4079.jpeg,78
4080.jpeg,78
4081.jpeg,70
4082.jpeg,29
4083.jpeg,56
4084.jpeg,78
4085.jpeg,85
4086.jpeg,62
4087.jpeg,85
4088.jpeg,88
4089.jpeg,84
4090.jpeg,37
4091.jpeg,62
4092.jpeg,71
4093.jpeg,89
4094.jpeg,52
4095.jpeg,82
4096.jpeg,22
4097.jpeg,89
4098.jpeg,44
4099.jpeg,12
4100.jpeg,33
4101.jpeg,43
4102.jpeg,9
4103.jpeg,98
4104.jpeg,97
4105.jpeg,28
4106.jpeg,18
4107.jpeg,55
4108.jpeg,41
4109.jpeg,45
4110.jpeg,0
4111.jpeg,63
4112.jpeg,33
4113.jpeg,90
4114.jpeg,78
4115.jpeg,53
4116.jpeg,52
4117.jpeg,18
4118.jpeg,24
4119.jpeg,56
4120.jpeg,21
4121.jpeg,28
4122.jpeg,16
4123.jpeg,76
4124.jpeg,34
4125.jpeg,17
4126.jpeg,8
4127.jpeg,55
4128.jpeg,41
4129.jpeg,95
4130.jpeg,59
4131.jpeg,96
4132.jpeg,47
4133.jpeg,60
4134.jpeg,68
4135.jpeg,91
4136.jpeg,82
4137.jpeg,52
4138.jpeg,48
4139.jpeg,70
4140.jpeg,46
4141.jpeg,7
4142.jpeg,39
4143.jpeg,38
4144.jpeg,66
4145.jpeg,31
4146.jpeg,5
4147.jpeg,38
4148.jpeg,67
4149.jpeg,55
4150.jpeg,30
4151.jpeg,47
4152.jpeg,73
4153.jpeg,30
4154.jpeg,60
4155.jpeg,27
4156.jpeg,73
4157.jpeg,84
4158.jpeg,15
4159.jpeg,40
4160.jpeg,81
4161.jpeg,48
4162.jpeg,48
4163.jpeg,63
4164.jpeg,48
4165.jpeg,4
4166.jpeg,13
4167.jpeg,34
4168.jpeg,11
4169.jpeg,36
4170.jpeg,99
4171.jpeg,99
4172.jpeg,71
4173.jpeg,87
4174.jpeg,60
4175.jpeg,9
4176.jpeg,15
4177.jpeg,35
4178.jpeg,1
4179.jpeg,27
4180.jpeg,70
4181.jpeg,7
4182.jpeg,30
4183.jpeg,81
4184.jpeg,75
4185.jpeg,19
4186.jpeg,61
4187.jpeg,30
4188.jpeg,5
4189.jpeg,4
4190.jpeg,87
4191.jpeg,0
4192.jpeg,28
4193.jpeg,32
4194.jpeg,9
4195.jpeg,92
4196.jpeg,66
4197.jpeg,90
4198.jpeg,1
4199.jpeg,44
4200.jpeg,84
4201.jpeg,35
4202.jpeg,8
4203.jpeg,54
4204.jpeg,6
4205.jpeg,42
4206.jpeg,74
4207.jpeg,74
4208.jpeg,75
4209.jpeg,9
4210.jpeg,45
4211.jpeg,29
4212.jpeg,31
4213.jpeg,94
4214.jpeg,41
4215.jpeg,8
4216.jpeg,95
4217.jpeg,67
4218.jpeg,65
4219.jpeg,88
4220.jpeg,93
4221.jpeg,60
4222.jpeg,40
4223.jpeg,90
4224.jpeg,26
4225.jpeg,34
4226.jpeg,88
4227.jpeg,62
4228.jpeg,68
4229.jpeg,96
4230.jpeg,58
4231.jpeg,89
4232.jpeg,36
4233.jpeg,77
4234.jpeg,3
4235.jpeg,83
4236.jpeg,68
4237.jpeg,78
4238.jpeg,37
4239.jpeg,3
4240.jpeg,40
4241.jpeg,15
4242.jpeg,90
4243.jpeg,29
4244.jpeg,34
4245.jpeg,16
4246.jpeg,61
4247.jpeg,41
4248.jpeg,66
4249.jpeg,34
4250.jpeg,71
4251.jpeg,91
4252.jpeg,24
4253.jpeg,71
4254.jpeg,69
4255.jpeg,67
4256.jpeg,12
4257.jpeg,69
4258.jpeg,14
4259.jpeg,15
4260.jpeg,95
4261.jpeg,52
4262.jpeg,79
4263.jpeg,64
4264.jpeg,44
4265.jpeg,40
4266.jpeg,85
4267.jpeg,54
4268.jpeg,76
4269.jpeg,77
4270.jpeg,73
4271.jpeg,25
4272.jpeg,91
4273.jpeg,6
4274.jpeg,36
4275.jpeg,17
4276.jpeg,88
4277.jpeg,42
4278.jpeg,13
4279.jpeg,70
4280.jpeg,78
4281.jpeg,90
4282.jpeg,52
4283.jpeg,76
4284.jpeg,99
4285.jpeg,68
4286.jpeg,72
4287.jpeg,13
4288.jpeg,9
4289.jpeg,8
4290.jpeg,26
4291.jpeg,95
4292.jpeg,95
4293.jpeg,32
4294.jpeg,8
4295.jpeg,46
4296.jpeg,1
4297.jpeg,82
4298.jpeg,51
4299.jpeg,93
4300.jpeg,60
4301.jpeg,36
4302.jpeg,14
4303.jpeg,61
4304.jpeg,73
4305.jpeg,2
4306.jpeg,10
4307.jpeg,62
4308.jpeg,42
4309.jpeg,57
4310.jpeg,34
4311.jpeg,29
4312.jpeg,37
4313.jpeg,36
4314.jpeg,85
4315.jpeg,26
4316.jpeg,66
4317.jpeg,17
4318.jpeg,59
4319.jpeg,82
4320.jpeg,70
4321.jpeg,96
4322.jpeg,13
4323.jpeg,61
4324.jpeg,49
4325.jpeg,54
4326.jpeg,18
4327.jpeg,65
4328.jpeg,63
4329.jpeg,19
4330.jpeg,47
4331.jpeg,1
4332.jpeg,31
4333.jpeg,51
4334.jpeg,47
4335.jpeg,22
4336.jpeg,81
4337.jpeg,59
4338.jpeg,87
4339.jpeg,24
4340.jpeg,54
4341.jpeg,44
4342.jpeg,72
4343.jpeg,2
4344.jpeg,80
4345.jpeg,15
4346.jpeg,45
4347.jpeg,84
4348.jpeg,86
4349.jpeg,21
4350.jpeg,74
4351.jpeg,12
4352.jpeg,64
4353.jpeg,94
4354.jpeg,90
4355.jpeg,31
4356.jpeg,95
4357.jpeg,26
4358.jpeg,4
4359.jpeg,32
4360.jpeg,56
4361.jpeg,60
4362.jpeg,5
4363.jpeg,3
4364.jpeg,66
4365.jpeg,87
4366.jpeg,59
4367.jpeg,87
4368.jpeg,38
4369.jpeg,22
4370.jpeg,38
4371.jpeg,49
4372.jpeg,16
4373.jpeg,40
4374.jpeg,14
4375.jpeg,50
4376.jpeg,37
4377.jpeg,90
4378.jpeg,13
4379.jpeg,90
4380.jpeg,21
4381.jpeg,95
4382.jpeg,78
4383.jpeg,38
4384.jpeg,14
4385.jpeg,47
4386.jpeg,29
4387.jpeg,26
4388.jpeg,35
4389.jpeg,39
4390.jpeg,23
4391.jpeg,12
4392.jpeg,65
4393.jpeg,74
4394.jpeg,61
4395.jpeg,66
4396.jpeg,56
4397.jpeg,37
4398.jpeg,44
4399.jpeg,83
4400.jpeg,34
4401.jpeg,11
4402.jpeg,91
4403.jpeg,67
4404.jpeg,18
4405.jpeg,9
4406.jpeg,49
4407.jpeg,61
4408.jpeg,82
4409.jpeg,56
4410.jpeg,81
4411.jpeg,33
4412.jpeg,2
4413.jpeg,69
4414.jpeg,88
4415.jpeg,23
4416.jpeg,59
4417.jpeg,54
4418.jpeg,32
4419.jpeg,83
4420.jpeg,41
4421.jpeg,70
4422.jpeg,78
4423.jpeg,76
4424.jpeg,6
4425.jpeg,97
4426.jpeg,26
4427.jpeg,5
4428.jpeg,1
4429.jpeg,26
4430.jpeg,22
4431.jpeg,21
4432.jpeg,35
4433.jpeg,8
4434.jpeg,82
4435.jpeg,83
4436.jpeg,7
4437.jpeg,10
4438.jpeg,84
4439.jpeg,62
4440.jpeg,80
4441.jpeg,14
4442.jpeg,3
4443.jpeg,10
4444.jpeg,72
4445.jpeg,69
4446.jpeg,17
4447.jpeg,56
4448.jpeg,46
4449.jpeg,56
4450.jpeg,76
4451.jpeg,36
4452.jpeg,63
4453.jpeg,84
4454.jpeg,92
4455.jpeg,6
4456.jpeg,23
4457.jpeg,53
4458.jpeg,18
4459.jpeg,70
4460.jpeg,56
4461.jpeg,79
4462.jpeg,45
4463.jpeg,87
4464.jpeg,2
4465.jpeg,14
4466.jpeg,61
4467.jpeg,27
4468.jpeg,30
4469.jpeg,7
4470.jpeg,21
4471.jpeg,95
4472.jpeg,48
4473.jpeg,42
4474.jpeg,10
4475.jpeg,39
4476.jpeg,27
4477.jpeg,68
4478.jpeg,5
4479.jpeg,6
4480.jpeg,91
4481.jpeg,89
4482.jpeg,67
4483.jpeg,98
4484.jpeg,55
4485.jpeg,39
4486.jpeg,43
4487.jpeg,38
4488.jpeg,58
4489.jpeg,30
4490.jpeg,32
4491.jpeg,26
4492.jpeg,62
4493.jpeg,54
4494.jpeg,94
4495.jpeg,37
4496.jpeg,68
4497.jpeg,31
4498.jpeg,93
4499.jpeg,75
4500.jpeg,86
4501.jpeg,35
4502.jpeg,73
4503.jpeg,69
4504.jpeg,71
4505.jpeg,44
4506.jpeg,43
4507.jpeg,19
4508.jpeg,75
4509.jpeg,56
4510.jpeg,77
4511.jpeg,39
4512.jpeg,68
4513.jpeg,63
4514.jpeg,42
4515.jpeg,62
4516.jpeg,25
4517.jpeg,24
4518.jpeg,99
4519.jpeg,10
4520.jpeg,66
4521.jpeg,76
4522.jpeg,11
4523.jpeg,70
4524.jpeg,46
4525.jpeg,30
4526.jpeg,20
4527.jpeg,68
4528.jpeg,50
4529.jpeg,2
4530.jpeg,19
4531.jpeg,26
4532.jpeg,26
4533.jpeg,12
4534.jpeg,22
4535.jpeg,89
4536.jpeg,95
4537.jpeg,32
4538.jpeg,98
4539.jpeg,63
4540.jpeg,94
4541.jpeg,13
4542.jpeg,95
4543.jpeg,43
4544.jpeg,41
4545.jpeg,0
4546.jpeg,35
4547.jpeg,16
4548.jpeg,94
4549.jpeg,72
4550.jpeg,3
4551.jpeg,27
4552.jpeg,1
4553.jpeg,64
4554.jpeg,95
4555.jpeg,28
4556.jpeg,85
4557.jpeg,44
4558.jpeg,61
4559.jpeg,57
4560.jpeg,88
4561.jpeg,76
4562.jpeg,93
4563.jpeg,23
4564.jpeg,15
4565.jpeg,49
4566.jpeg,77
4567.jpeg,20
4568.jpeg,43
4569.jpeg,9
4570.jpeg,97
4571.jpeg,49
4572.jpeg,65
4573.jpeg,53
4574.jpeg,69
4575.jpeg,15
4576.jpeg,2
4577.jpeg,44
4578.jpeg,21
4579.jpeg,91
4580.jpeg,77
4581.jpeg,33
4582.jpeg,92
4583.jpeg,92
4584.jpeg,88
4585.jpeg,33
4586.jpeg,7
4587.jpeg,20
4588.jpeg,71
4589.jpeg,56
4590.jpeg,64
4591.jpeg,30
4592.jpeg,75
4593.jpeg,67
4594.jpeg,12
4595.jpeg,13
4596.jpeg,55
4597.jpeg,74
4598.jpeg,9
4599.jpeg,32
4600.jpeg,94
4601.jpeg,72
4602.jpeg,66
4603.jpeg,73
4604.jpeg,25
4605.jpeg,19
4606.jpeg,66
4607.jpeg,32
4608.jpeg,48
4609.jpeg,43
4610.jpeg,5
4611.jpeg,55
4612.jpeg,19
4613.jpeg,20
4614.jpeg,36
4615.jpeg,90
4616.jpeg,98
4617.jpeg,18
4618.jpeg,83
4619.jpeg,32
4620.jpeg,8
4621.jpeg,23
4622.jpeg,82
4623.jpeg,46
4624.jpeg,81
4625.jpeg,1
4626.jpeg,3
4627.jpeg,16
4628.jpeg,8
4629.jpeg,14
4630.jpeg,63
4631.jpeg,73
4632.jpeg,44
4633.jpeg,83
4634.jpeg,55
4635.jpeg,68
4636.jpeg,22
4637.jpeg,41
4638.jpeg,84
4639.jpeg,86
4640.jpeg,40
4641.jpeg,24
4642.jpeg,35
4643.jpeg,10
4644.jpeg,42
4645.jpeg,87
4646.jpeg,35
4647.jpeg,27
4648.jpeg,20
4649.jpeg,4
4650.jpeg,62
4651.jpeg,83
4652.jpeg,35
4653.jpeg,57
4654.jpeg,77
4655.jpeg,5
4656.jpeg,9
4657.jpeg,41
4658.jpeg,59
4659.jpeg,41
4660.jpeg,87
4661.jpeg,38
4662.jpeg,63
4663.jpeg,16
4664.jpeg,19
4665.jpeg,69
4666.jpeg,80
4667.jpeg,7
4668.jpeg,98
4669.jpeg,91
4670.jpeg,86
4671.jpeg,53
4672.jpeg,10
4673.jpeg,64
4674.jpeg,80
4675.jpeg,18
4676.jpeg,68
4677.jpeg,76
4678.jpeg,0
4679.jpeg,90
4680.jpeg,30
4681.jpeg,86
4682.jpeg,10
4683.jpeg,40
4684.jpeg,46
4685.jpeg,14
4686.jpeg,43
4687.jpeg,86
4688.jpeg,26
4689.jpeg,74
4690.jpeg,63
4691.jpeg,65
4692.jpeg,20
4693.jpeg,37
4694.jpeg,17
4695.jpeg,18
4696.jpeg,98
4697.jpeg,15
4698.jpeg,12
4699.jpeg,79
4700.jpeg,85
4701.jpeg,61
4702.jpeg,79
4703.jpeg,47
4704.jpeg,71
4705.jpeg,52
4706.jpeg,88
4707.jpeg,66
4708.jpeg,54
4709.jpeg,48
4710.jpeg,23
4711.jpeg,76
4712.jpeg,41
4713.jpeg,66
4714.jpeg,98
4715.jpeg,60
4716.jpeg,43
4717.jpeg,73
4718.jpeg,13
4719.jpeg,18
4720.jpeg,11
4721.jpeg,50
4722.jpeg,51
4723.jpeg,96
4724.jpeg,75
4725.jpeg,13
4726.jpeg,49
4727.jpeg,92
4728.jpeg,66
4729.jpeg,49
4730.jpeg,18
4731.jpeg,64
4732.jpeg,97
4733.jpeg,17
4734.jpeg,52
4735.jpeg,4
4736.jpeg,63
4737.jpeg,63
4738.jpeg,63
4739.jpeg,72
4740.jpeg,82
4741.jpeg,93
4742.jpeg,10
4743.jpeg,7
4744.jpeg,3
4745.jpeg,15
4746.jpeg,57
4747.jpeg,77
4748.jpeg,51
4749.jpeg,34
4750.jpeg,28
4751.jpeg,10
4752.jpeg,61
4753.jpeg,11
4754.jpeg,2
4755.jpeg,9
4756.jpeg,2
4757.jpeg,67
4758.jpeg,61
4759.jpeg,22
4760.jpeg,41
4761.jpeg,92
4762.jpeg,60
4763.jpeg,12
4764.jpeg,28
4765.jpeg,22
4766.jpeg,95
4767.jpeg,65
4768.jpeg,7
4769.jpeg,5
4770.jpeg,64
4771.jpeg,34
4772.jpeg,79
4773.jpeg,85
4774.jpeg,47
4775.jpeg,8
4776.jpeg,86
4777.jpeg,41
4778.jpeg,2
4779.jpeg,66
4780.jpeg,17
4781.jpeg,92
4782.jpeg,61
4783.jpeg,87
4784.jpeg,26
4785.jpeg,71
4786.jpeg,29
4787.jpeg,38
4788.jpeg,74
4789.jpeg,86
4790.jpeg,38
4791.jpeg,32
4792.jpeg,6
4793.jpeg,24
4794.jpeg,74
4795.jpeg,92
4796.jpeg,53
4797.jpeg,0
4798.jpeg,97
4799.jpeg,93
4800.jpeg,0
4801.jpeg,99
4802.jpeg,39
4803.jpeg,66
4804.jpeg,71
4805.jpeg,77
4806.jpeg,77
4807.jpeg,31
4808.jpeg,85
4809.jpeg,85
4810.jpeg,41
4811.jpeg,26
4812.jpeg,84
4813.jpeg,86
4814.jpeg,98
4815.jpeg,89
4816.jpeg,2
4817.jpeg,80
4818.jpeg,0
4819.jpeg,5
4820.jpeg,98
4821.jpeg,68
4822.jpeg,31
4823.jpeg,84
4824.jpeg,11
4825.jpeg,85
4826.jpeg,50
4827.jpeg,38
4828.jpeg,55
4829.jpeg,41
4830.jpeg,8
4831.jpeg,91
4832.jpeg,27
4833.jpeg,18
4834.jpeg,49
4835.jpeg,37
4836.jpeg,48
4837.jpeg,0
4838.jpeg,57
4839.jpeg,56
4840.jpeg,95
4841.jpeg,76
4842.jpeg,86
4843.jpeg,42
4844.jpeg,89
4845.jpeg,56
4846.jpeg,59
4847.jpeg,3
4848.jpeg,44
4849.jpeg,78
4850.jpeg,74
4851.jpeg,13
4852.jpeg,76
4853.jpeg,35
4854.jpeg,15
4855.jpeg,18
4856.jpeg,49
4857.jpeg,6
4858.jpeg,42
4859.jpeg,3
4860.jpeg,12
4861.jpeg,40
4862.jpeg,46
4863.jpeg,47
4864.jpeg,33
4865.jpeg,8
4866.jpeg,76
4867.jpeg,69
4868.jpeg,92
4869.jpeg,34
4870.jpeg,99
4871.jpeg,65
4872.jpeg,64
4873.jpeg,49
4874.jpeg,62
4875.jpeg,29
4876.jpeg,69
4877.jpeg,2
4878.jpeg,95
4879.jpeg,16
4880.jpeg,46
4881.jpeg,57
4882.jpeg,15
4883.jpeg,80
4884.jpeg,26
4885.jpeg,60
4886.jpeg,70
4887.jpeg,24
4888.jpeg,52
4889.jpeg,83
4890.jpeg,63
4891.jpeg,93
4892.jpeg,79
4893.jpeg,27
4894.jpeg,19
4895.jpeg,57
4896.jpeg,1
4897.jpeg,70
4898.jpeg,18
4899.jpeg,66
4900.jpeg,23
4901.jpeg,13
4902.jpeg,1
4903.jpeg,20
4904.jpeg,1
4905.jpeg,74
4906.jpeg,78
4907.jpeg,50
4908.jpeg,26
4909.jpeg,50
4910.jpeg,76
4911.jpeg,88
4912.jpeg,31
4913.jpeg,89
4914.jpeg,43
4915.jpeg,39
4916.jpeg,61
4917.jpeg,0
4918.jpeg,77
4919.jpeg,21
4920.jpeg,63
4921.jpeg,52
4922.jpeg,50
4923.jpeg,78
4924.jpeg,60
4925.jpeg,27
4926.jpeg,9
4927.jpeg,38
4928.jpeg,34
4929.jpeg,92
4930.jpeg,3
4931.jpeg,48
4932.jpeg,78
4933.jpeg,11
4934.jpeg,20
4935.jpeg,87
4936.jpeg,85
4937.jpeg,13
4938.jpeg,19
4939.jpeg,68
4940.jpeg,94
4941.jpeg,48
4942.jpeg,94
4943.jpeg,24
4944.jpeg,13
4945.jpeg,79
4946.jpeg,34
4947.jpeg,34
4948.jpeg,14
4949.jpeg,91
4950.jpeg,75
4951.jpeg,93
4952.jpeg,16
4953.jpeg,33
4954.jpeg,12
4955.jpeg,2
4956.jpeg,88
4957.jpeg,19
4958.jpeg,69
4959.jpeg,9
4960.jpeg,17
4961.jpeg,28
4962.jpeg,48
4963.jpeg,50
4964.jpeg,57
4965.jpeg,33
4966.jpeg,65
4967.jpeg,20
4968.jpeg,69
4969.jpeg,25
4970.jpeg,98
4971.jpeg,60
4972.jpeg,78
4973.jpeg,21
4974.jpeg,48
4975.jpeg,87
4976.jpeg,2
4977.jpeg,46
4978.jpeg,74
4979.jpeg,52
4980.jpeg,33
4981.jpeg,69
4982.jpeg,15
4983.jpeg,24
4984.jpeg,68
4985.jpeg,26
4986.jpeg,63
4987.jpeg,8
4988.jpeg,0
4989.jpeg,62
4990.jpeg,64
4991.jpeg,78
4992.jpeg,79
4993.jpeg,84
4994.jpeg,2
4995.jpeg,62
4996.jpeg,63
4997.jpeg,85
4998.jpeg,83
4999.jpeg,16
